date,temperature_c,precipitation_mm,rain_mm,snowfall_cm,cloud_cover_pct,wind_speed_kmh,sunshine_duration_s
2025-11-21 00:00:00,1.5,0.0,0.0,0.0,100,9.9,0.0
2025-11-21 01:00:00,1.7,0.0,0.0,0.0,96,9.4,0.0
2025-11-21 02:00:00,0.6,0.0,0.0,0.0,100,5.7,0.0
2025-11-21 03:00:00,0.1,0.0,0.0,0.0,98,3.7,0.0
2025-11-21 04:00:00,-0.5,0.0,0.0,0.0,98,3.1,0.0
2025-11-21 05:00:00,-0.6,0.0,0.0,0.0,100,0.8,0.0
2025-11-21 06:00:00,-1.6,0.0,0.0,0.0,100,3.7,0.0
2025-11-21 07:00:00,0.3,0.0,0.0,0.0,99,9.3,0.0
2025-11-21 08:00:00,0.1,0.0,0.0,0.0,64,10.4,0.0
2025-11-21 09:00:00,0.2,0.0,0.0,0.0,100,12.2,6.59
2025-11-21 10:00:00,0.8,0.0,0.0,0.0,100,13.4,3600.0
2025-11-21 11:00:00,1.3,0.0,0.0,0.0,100,11.0,672.91
2025-11-21 12:00:00,2.4,0.0,0.0,0.0,98,9.6,3600.0
2025-11-21 13:00:00,2.6,0.0,0.0,0.0,100,9.2,3600.0
2025-11-21 14:00:00,3.1,0.0,0.0,0.0,95,7.9,0.0
2025-11-21 15:00:00,3.4,0.0,0.0,0.0,43,5.7,3600.0
2025-11-21 16:00:00,2.8,0.0,0.0,0.0,9,1.7,3600.0
2025-11-21 17:00:00,0.9,0.0,0.0,0.0,2,0.6,455.76
2025-11-21 18:00:00,-0.4,0.0,0.0,0.0,1,2.6,0.0
2025-11-21 19:00:00,-0.5,0.0,0.0,0.0,0,3.2,0.0
2025-11-21 20:00:00,-1.2,0.0,0.0,0.0,0,2.8,0.0
2025-11-21 21:00:00,-1.9,0.0,0.0,0.0,91,4.6,0.0
2025-11-21 22:00:00,-2.2,0.0,0.0,0.0,92,5.4,0.0
2025-11-21 23:00:00,-2.0,0.0,0.0,0.0,98,5.9,0.0
2025-11-22 00:00:00,-2.0,0.0,0.0,0.0,100,6.1,0.0
2025-11-22 01:00:00,-2.0,0.0,0.0,0.0,100,8.4,0.0
2025-11-22 02:00:00,-2.0,0.0,0.0,0.0,31,8.8,0.0
2025-11-22 03:00:00,-2.0,0.0,0.0,0.0,14,9.6,0.0
2025-11-22 04:00:00,-1.8,0.0,0.0,0.0,66,10.7,0.0
2025-11-22 05:00:00,-1.9,0.0,0.0,0.0,82,11.4,0.0
2025-11-22 06:00:00,-2.2,0.0,0.0,0.0,100,12.0,0.0
2025-11-22 07:00:00,-2.2,0.0,0.0,0.0,100,13.4,0.0
2025-11-22 08:00:00,-2.2,0.0,0.0,0.0,98,13.5,0.0
2025-11-22 09:00:00,-2.0,0.0,0.0,0.0,77,14.5,0.0
2025-11-22 10:00:00,-1.1,0.0,0.0,0.0,50,17.6,3600.0
2025-11-22 11:00:00,0.2,0.0,0.0,0.0,99,15.2,3600.0
2025-11-22 12:00:00,1.2,0.0,0.0,0.0,99,16.6,3600.0
2025-11-22 13:00:00,2.0,0.0,0.0,0.0,95,16.9,3600.0
2025-11-22 14:00:00,2.7,0.0,0.0,0.0,97,18.2,3600.0
2025-11-22 15:00:00,2.3,0.0,0.0,0.0,19,17.0,750.22
2025-11-22 16:00:00,1.7,0.0,0.0,0.0,8,20.2,3600.0
2025-11-22 17:00:00,0.6,0.0,0.0,0.0,100,19.6,500.7
2025-11-22 18:00:00,0.2,0.0,0.0,0.0,100,20.2,0.0
2025-11-22 19:00:00,0.3,0.0,0.0,0.0,100,20.7,0.0
2025-11-22 20:00:00,0.0,0.0,0.0,0.0,100,21.1,0.0
2025-11-22 21:00:00,-0.2,0.0,0.0,0.0,99,21.1,0.0
2025-11-22 22:00:00,-0.3,0.0,0.0,0.0,100,22.0,0.0
2025-11-22 23:00:00,-0.2,0.0,0.0,0.0,100,21.1,0.0
2025-11-23 00:00:00,-0.2,0.5,0.1,0.28,100,22.3,0.0
2025-11-23 01:00:00,-0.2,0.6,0.1,0.35,100,22.1,0.0
2025-11-23 02:00:00,0.1,0.3,0.0,0.21,100,22.9,0.0
2025-11-23 03:00:00,0.3,0.3,0.0,0.21,100,22.9,0.0
2025-11-23 04:00:00,0.6,0.1,0.0,0.07,100,22.4,0.0
2025-11-23 05:00:00,0.8,0.1,0.0,0.07,100,22.9,0.0
2025-11-23 06:00:00,1.1,0.0,0.0,0.0,100,22.9,0.0
2025-11-23 07:00:00,0.9,0.0,0.0,0.0,100,23.3,0.0
2025-11-23 08:00:00,1.2,0.0,0.0,0.0,100,23.1,0.0
2025-11-23 09:00:00,1.5,0.0,0.0,0.0,100,22.9,0.0
2025-11-23 10:00:00,2.1,0.0,0.0,0.0,100,22.2,0.0
2025-11-23 11:00:00,2.7,0.0,0.0,0.0,100,25.2,0.0
2025-11-23 12:00:00,2.2,0.5,0.5,0.0,100,29.3,0.0
2025-11-23 13:00:00,2.3,0.1,0.1,0.0,100,26.8,0.0
2025-11-23 14:00:00,3.2,0.2,0.2,0.0,100,23.8,0.0
2025-11-23 15:00:00,3.8,0.3,0.3,0.0,100,23.3,0.0
2025-11-23 16:00:00,4.8,0.0,0.0,0.0,98,21.6,0.0
2025-11-23 17:00:00,5.0,0.0,0.0,0.0,59,18.9,0.0
2025-11-23 18:00:00,5.0,0.0,0.0,0.0,5,15.9,0.0
2025-11-23 19:00:00,5.1,0.0,0.0,0.0,8,14.7,0.0
2025-11-23 20:00:00,4.5,0.0,0.0,0.0,1,12.6,0.0
2025-11-23 21:00:00,4.0,0.0,0.0,0.0,5,12.0,0.0
2025-11-23 22:00:00,3.7,0.0,0.0,0.0,37,13.1,0.0
2025-11-23 23:00:00,3.5,0.0,0.0,0.0,100,14.2,0.0
2025-11-24 00:00:00,3.5,0.0,0.0,0.0,100,15.5,0.0
2025-11-24 01:00:00,4.1,0.0,0.0,0.0,100,14.0,0.0
2025-11-24 02:00:00,4.1,0.0,0.0,0.0,100,14.2,0.0
2025-11-24 03:00:00,4.0,0.0,0.0,0.0,100,14.3,0.0
2025-11-24 04:00:00,4.1,0.0,0.0,0.0,96,15.9,0.0
2025-11-24 05:00:00,4.5,0.0,0.0,0.0,57,14.9,0.0
2025-11-24 06:00:00,4.2,0.0,0.0,0.0,39,17.8,0.0
2025-11-24 07:00:00,4.8,0.0,0.0,0.0,100,15.9,0.0
2025-11-24 08:00:00,4.8,0.1,0.1,0.0,100,15.9,0.0
2025-11-24 09:00:00,4.9,0.9,0.9,0.0,100,13.2,0.0
2025-11-24 10:00:00,5.8,0.1,0.1,0.0,91,15.3,0.0
2025-11-24 11:00:00,6.7,0.1,0.1,0.0,66,16.0,399.89
2025-11-24 12:00:00,8.0,0.0,0.0,0.0,100,21.5,3600.0
2025-11-24 13:00:00,7.7,0.1,0.1,0.0,100,15.4,1813.91
2025-11-24 14:00:00,6.8,0.2,0.2,0.0,100,16.8,0.0
2025-11-24 15:00:00,5.7,1.0,1.0,0.0,100,14.8,0.0
2025-11-24 16:00:00,5.2,0.2,0.2,0.0,100,13.4,0.0
2025-11-24 17:00:00,5.4,0.8,0.8,0.0,100,11.2,0.0
2025-11-24 18:00:00,5.6,6.0,6.0,0.0,100,7.4,0.0
2025-11-24 19:00:00,5.7,0.8,0.8,0.0,97,5.8,0.0
2025-11-24 20:00:00,5.2,0.1,0.1,0.0,99,6.3,0.0
2025-11-24 21:00:00,5.2,0.0,0.0,0.0,34,8.8,0.0
2025-11-24 22:00:00,4.8,0.0,0.0,0.0,68,8.3,0.0
2025-11-24 23:00:00,4.4,0.0,0.0,0.0,38,8.0,0.0
2025-11-25 00:00:00,4.1,0.0,0.0,0.0,11,8.1,0.0
2025-11-25 01:00:00,4.3,0.0,0.0,0.0,38,7.4,0.0
2025-11-25 02:00:00,4.3,0.0,0.0,0.0,56,9.7,0.0
2025-11-25 03:00:00,3.9,0.0,0.0,0.0,16,6.4,0.0
2025-11-25 04:00:00,3.6,0.0,0.0,0.0,64,8.1,0.0
2025-11-25 05:00:00,4.1,0.0,0.0,0.0,100,13.1,0.0
2025-11-25 06:00:00,4.5,0.1,0.1,0.0,95,11.3,0.0
2025-11-25 07:00:00,4.3,0.5,0.5,0.0,99,9.8,0.0
2025-11-25 08:00:00,4.2,0.1,0.1,0.0,99,16.0,0.0
2025-11-25 09:00:00,4.7,0.7,0.7,0.0,100,15.6,0.0
2025-11-25 10:00:00,6.1,0.1,0.1,0.0,88,19.5,0.0
2025-11-25 11:00:00,6.9,0.2,0.2,0.0,89,19.3,3454.82
2025-11-25 12:00:00,6.8,0.3,0.3,0.0,73,20.9,0.0
2025-11-25 13:00:00,7.0,0.5,0.5,0.0,27,16.2,3600.0
2025-11-25 14:00:00,6.9,0.1,0.1,0.0,59,17.9,2981.49
2025-11-25 15:00:00,7.0,0.4,0.4,0.0,29,15.3,3600.0
2025-11-25 16:00:00,6.5,0.0,0.0,0.0,2,16.7,3600.0
2025-11-25 17:00:00,5.6,0.0,0.0,0.0,35,13.5,115.88
2025-11-25 18:00:00,5.2,0.0,0.0,0.0,43,11.0,0.0
2025-11-25 19:00:00,4.5,0.0,0.0,0.0,40,8.0,0.0
2025-11-25 20:00:00,4.3,0.0,0.0,0.0,23,8.6,0.0
2025-11-25 21:00:00,4.3,0.0,0.0,0.0,36,8.8,0.0
2025-11-25 22:00:00,4.7,0.1,0.1,0.0,56,9.1,0.0
2025-11-25 23:00:00,4.1,0.0,0.0,0.0,35,9.8,0.0
2025-11-26 00:00:00,4.3,0.0,0.0,0.0,20,10.2,0.0
2025-11-26 01:00:00,4.0,0.0,0.0,0.0,45,8.3,0.0
2025-11-26 02:00:00,3.8,0.0,0.0,0.0,32,9.2,0.0
2025-11-26 03:00:00,3.7,0.0,0.0,0.0,22,9.6,0.0
2025-11-26 04:00:00,3.7,0.0,0.0,0.0,35,8.9,0.0
2025-11-26 05:00:00,3.8,0.0,0.0,0.0,23,9.0,0.0
2025-11-26 06:00:00,4.1,0.0,0.0,0.0,41,9.5,0.0
2025-11-26 07:00:00,3.7,0.0,0.0,0.0,34,7.4,0.0
2025-11-26 08:00:00,2.8,0.0,0.0,0.0,28,6.8,0.0
2025-11-26 09:00:00,2.8,0.0,0.0,0.0,10,4.6,0.0
2025-11-26 10:00:00,4.4,0.0,0.0,0.0,17,3.5,3568.96
2025-11-26 11:00:00,5.6,0.0,0.0,0.0,15,2.2,3600.0
2025-11-26 12:00:00,6.7,0.0,0.0,0.0,17,0.7,3600.0
2025-11-26 13:00:00,7.4,0.0,0.0,0.0,30,5.3,3600.0
2025-11-26 14:00:00,7.7,0.1,0.1,0.0,36,4.2,3600.0
2025-11-26 15:00:00,7.5,0.0,0.0,0.0,51,4.9,3600.0
2025-11-26 16:00:00,6.4,0.0,0.0,0.0,17,1.3,3600.0
2025-11-26 17:00:00,4.8,0.0,0.0,0.0,22,2.6,57.35
2025-11-26 18:00:00,3.8,0.0,0.0,0.0,100,5.9,0.0
2025-11-26 19:00:00,3.7,0.0,0.0,0.0,100,6.5,0.0
2025-11-26 20:00:00,3.2,0.0,0.0,0.0,100,6.3,0.0
2025-11-26 21:00:00,2.8,0.0,0.0,0.0,100,6.6,0.0
2025-11-26 22:00:00,2.8,0.0,0.0,0.0,100,7.6,0.0
2025-11-26 23:00:00,2.5,0.0,0.0,0.0,100,8.3,0.0
2025-11-27 00:00:00,2.6,0.0,0.0,0.0,100,11.6,0.0
2025-11-27 01:00:00,2.9,0.0,0.0,0.0,100,13.5,0.0
2025-11-27 02:00:00,3.0,0.0,0.0,0.0,100,15.2,0.0
2025-11-27 03:00:00,3.9,0.0,0.0,0.0,100,16.6,0.0
2025-11-27 04:00:00,4.6,0.0,0.0,0.0,100,17.1,0.0
2025-11-27 05:00:00,4.9,0.1,0.1,0.0,100,17.9,0.0
2025-11-27 06:00:00,4.9,0.3,0.3,0.0,100,18.9,0.0
2025-11-27 07:00:00,5.4,0.7,0.7,0.0,100,17.8,0.0
2025-11-27 08:00:00,5.7,0.2,0.2,0.0,100,18.7,0.0
2025-11-27 09:00:00,5.8,0.2,0.2,0.0,100,18.7,0.0
2025-11-27 10:00:00,6.4,0.0,0.0,0.0,100,19.0,0.0
2025-11-27 11:00:00,7.3,0.0,0.0,0.0,100,18.5,0.0
2025-11-27 12:00:00,8.8,0.0,0.0,0.0,100,18.5,0.0
2025-11-27 13:00:00,8.5,0.0,0.0,0.0,100,16.6,0.0
2025-11-27 14:00:00,8.9,0.0,0.0,0.0,100,17.3,0.0
2025-11-27 15:00:00,9.2,0.0,0.0,0.0,100,16.9,0.0
2025-11-27 16:00:00,9.4,0.0,0.0,0.0,100,16.4,0.0
2025-11-27 17:00:00,9.4,0.0,0.0,0.0,100,16.6,0.0
2025-11-27 18:00:00,9.1,0.0,0.0,0.0,100,17.2,0.0
2025-11-27 19:00:00,8.8,0.0,0.0,0.0,100,16.5,0.0
2025-11-27 20:00:00,8.9,0.0,0.0,0.0,100,16.7,0.0
2025-11-27 21:00:00,9.1,0.0,0.0,0.0,100,17.1,0.0
2025-11-27 22:00:00,9.2,0.0,0.0,0.0,100,17.7,0.0
2025-11-27 23:00:00,9.1,0.0,0.0,0.0,100,17.7,0.0
2025-11-28 00:00:00,9.2,0.0,0.0,0.0,100,17.9,0.0
2025-11-28 01:00:00,8.9,0.0,0.0,0.0,100,16.9,0.0
2025-11-28 02:00:00,8.9,0.3,0.3,0.0,100,16.9,0.0
2025-11-28 03:00:00,9.1,0.0,0.0,0.0,100,17.5,0.0
2025-11-28 04:00:00,9.3,0.0,0.0,0.0,100,18.1,0.0
2025-11-28 05:00:00,9.4,0.1,0.1,0.0,100,18.5,0.0
2025-11-28 06:00:00,9.6,0.1,0.1,0.0,100,19.3,0.0
2025-11-28 07:00:00,9.4,0.0,0.0,0.0,100,16.5,0.0
2025-11-28 08:00:00,9.4,0.0,0.0,0.0,100,15.6,0.0
2025-11-28 09:00:00,9.4,0.0,0.0,0.0,100,15.8,0.0
2025-11-28 10:00:00,9.6,0.0,0.0,0.0,100,15.4,0.0
2025-11-28 11:00:00,9.9,0.0,0.0,0.0,100,15.5,0.0
2025-11-28 12:00:00,10.1,0.1,0.1,0.0,100,15.2,0.0
2025-11-28 13:00:00,10.1,0.2,0.2,0.0,100,14.1,0.0
2025-11-28 14:00:00,10.2,0.0,0.0,0.0,100,14.5,0.0
2025-11-28 15:00:00,10.2,0.0,0.0,0.0,100,13.7,0.0
2025-11-28 16:00:00,10.4,0.0,0.0,0.0,100,14.5,0.0
2025-11-28 17:00:00,9.8,0.0,0.0,0.0,90,13.0,0.0
2025-11-28 18:00:00,9.3,0.0,0.0,0.0,85,13.7,0.0
2025-11-28 19:00:00,9.1,0.0,0.0,0.0,99,14.4,0.0
2025-11-28 20:00:00,8.8,0.0,0.0,0.0,38,14.1,0.0
2025-11-28 21:00:00,8.3,0.0,0.0,0.0,23,14.5,0.0
2025-11-28 22:00:00,8.1,0.0,0.0,0.0,70,15.0,0.0
2025-11-28 23:00:00,7.8,0.0,0.0,0.0,67,15.0,0.0
2025-11-29 00:00:00,7.6,0.0,0.0,0.0,42,14.3,0.0
2025-11-29 01:00:00,7.9,0.0,0.0,0.0,100,14.5,0.0
2025-11-29 02:00:00,8.2,0.0,0.0,0.0,100,14.4,0.0
2025-11-29 03:00:00,7.6,0.0,0.0,0.0,100,13.4,0.0
2025-11-29 04:00:00,6.9,0.0,0.0,0.0,100,14.1,0.0
2025-11-29 05:00:00,6.8,0.0,0.0,0.0,100,15.9,0.0
2025-11-29 06:00:00,6.7,0.0,0.0,0.0,100,16.8,0.0
2025-11-29 07:00:00,7.2,0.0,0.0,0.0,100,18.4,0.0
2025-11-29 08:00:00,7.1,0.0,0.0,0.0,100,20.3,0.0
2025-11-29 09:00:00,7.2,0.2,0.2,0.0,100,20.6,0.0
2025-11-29 10:00:00,7.8,0.0,0.0,0.0,100,25.0,0.0
2025-11-29 11:00:00,8.9,0.0,0.0,0.0,100,25.1,291.65
2025-11-29 12:00:00,9.6,0.1,0.1,0.0,100,23.0,0.0
2025-11-29 13:00:00,10.3,0.0,0.0,0.0,100,16.5,0.0
2025-11-29 14:00:00,10.7,0.1,0.1,0.0,100,24.7,2847.9
2025-11-29 15:00:00,11.1,0.0,0.0,0.0,98,18.1,3600.0
2025-11-29 16:00:00,10.8,0.0,0.0,0.0,100,20.5,3389.22
2025-11-29 17:00:00,10.6,0.2,0.2,0.0,100,20.8,0.0
2025-11-29 18:00:00,10.4,0.6,0.6,0.0,100,23.1,0.0
2025-11-29 19:00:00,10.0,1.8,1.8,0.0,100,19.7,0.0
2025-11-29 20:00:00,9.6,1.1,1.1,0.0,100,15.3,0.0
2025-11-29 21:00:00,9.0,0.1,0.1,0.0,100,15.0,0.0
2025-11-29 22:00:00,8.4,0.0,0.0,0.0,84,14.1,0.0
2025-11-29 23:00:00,7.0,0.0,0.0,0.0,88,12.1,0.0
2025-11-30 00:00:00,6.2,0.0,0.0,0.0,98,12.6,0.0
2025-11-30 01:00:00,6.2,0.0,0.0,0.0,100,12.6,0.0
2025-11-30 02:00:00,6.3,0.0,0.0,0.0,100,14.1,0.0
2025-11-30 03:00:00,6.1,0.0,0.0,0.0,100,13.2,0.0
2025-11-30 04:00:00,5.9,0.0,0.0,0.0,100,12.8,0.0
2025-11-30 05:00:00,5.8,0.0,0.0,0.0,98,11.0,0.0
2025-11-30 06:00:00,5.4,0.0,0.0,0.0,73,9.3,0.0
2025-11-30 07:00:00,4.5,0.0,0.0,0.0,12,12.2,0.0
2025-11-30 08:00:00,4.0,0.0,0.0,0.0,10,12.6,0.0
2025-11-30 09:00:00,4.7,0.0,0.0,0.0,100,14.1,0.0
2025-11-30 10:00:00,5.8,0.0,0.0,0.0,1,13.8,0.0
2025-11-30 11:00:00,6.1,0.0,0.0,0.0,18,17.8,3600.0
2025-11-30 12:00:00,6.3,0.0,0.0,0.0,100,18.1,3600.0
2025-11-30 13:00:00,6.8,0.0,0.0,0.0,99,19.0,719.82
2025-11-30 14:00:00,7.1,0.0,0.0,0.0,100,17.6,3600.0
2025-11-30 15:00:00,7.3,0.0,0.0,0.0,77,16.4,3096.23
2025-11-30 16:00:00,6.7,0.0,0.0,0.0,37,12.3,3600.0
2025-11-30 17:00:00,5.1,0.0,0.0,0.0,23,9.0,10.77
2025-11-30 18:00:00,4.3,0.0,0.0,0.0,13,9.3,0.0
2025-11-30 19:00:00,3.9,0.0,0.0,0.0,2,9.8,0.0
2025-11-30 20:00:00,3.0,0.0,0.0,0.0,0,8.7,0.0
2025-11-30 21:00:00,2.5,0.0,0.0,0.0,2,8.0,0.0
2025-11-30 22:00:00,2.2,0.0,0.0,0.0,13,8.6,0.0
2025-11-30 23:00:00,2.2,0.0,0.0,0.0,0,10.0,0.0
2025-12-01 00:00:00,2.3,0.0,0.0,0.0,66,10.5,0.0
2025-12-01 01:00:00,2.8,0.0,0.0,0.0,57,12.3,0.0
2025-12-01 02:00:00,2.8,0.0,0.0,0.0,100,12.3,0.0
2025-12-01 03:00:00,2.5,0.0,0.0,0.0,100,13.9,0.0
2025-12-01 04:00:00,2.7,0.0,0.0,0.0,100,15.5,0.0
2025-12-01 05:00:00,2.8,0.0,0.0,0.0,100,16.6,0.0
2025-12-01 06:00:00,3.2,0.0,0.0,0.0,100,19.1,0.0
2025-12-01 07:00:00,3.5,0.0,0.0,0.0,100,21.0,0.0
2025-12-01 08:00:00,4.6,0.0,0.0,0.0,100,21.5,0.0
2025-12-01 09:00:00,4.8,0.0,0.0,0.0,100,22.4,0.0
2025-12-01 10:00:00,5.1,0.0,0.0,0.0,100,23.7,0.0
2025-12-01 11:00:00,5.5,0.0,0.0,0.0,100,20.4,1214.51
2025-12-01 12:00:00,5.5,0.0,0.0,0.0,100,18.8,0.0
2025-12-01 13:00:00,6.5,0.1,0.1,0.0,100,18.5,0.0
2025-12-01 14:00:00,7.2,0.1,0.1,0.0,100,26.1,0.0
2025-12-01 15:00:00,7.0,0.3,0.3,0.0,100,25.1,0.0
2025-12-01 16:00:00,7.3,0.1,0.1,0.0,100,25.2,0.0
2025-12-01 17:00:00,7.3,0.0,0.0,0.0,100,26.0,0.0
2025-12-01 18:00:00,7.4,0.1,0.1,0.0,100,26.3,0.0
2025-12-01 19:00:00,7.7,0.0,0.0,0.0,100,26.3,0.0
2025-12-01 20:00:00,7.7,0.0,0.0,0.0,100,27.0,0.0
2025-12-01 21:00:00,7.6,0.0,0.0,0.0,100,27.6,0.0
2025-12-01 22:00:00,7.3,0.0,0.0,0.0,100,27.6,0.0
2025-12-01 23:00:00,7.3,0.0,0.0,0.0,100,26.9,0.0
2025-12-02 00:00:00,7.2,0.0,0.0,0.0,100,25.9,0.0
2025-12-02 01:00:00,7.2,0.0,0.0,0.0,100,24.7,0.0
2025-12-02 02:00:00,7.3,0.0,0.0,0.0,100,24.7,0.0
2025-12-02 03:00:00,7.4,0.1,0.1,0.0,100,23.3,0.0
2025-12-02 04:00:00,7.4,0.0,0.0,0.0,100,22.6,0.0
2025-12-02 05:00:00,7.2,0.0,0.0,0.0,100,22.6,0.0
2025-12-02 06:00:00,7.2,0.1,0.1,0.0,100,21.3,0.0
2025-12-02 07:00:00,6.5,0.1,0.1,0.0,100,16.5,0.0
2025-12-02 08:00:00,6.8,0.0,0.0,0.0,100,16.9,0.0
2025-12-02 09:00:00,6.6,0.0,0.0,0.0,98,17.2,0.0
2025-12-02 10:00:00,7.1,0.0,0.0,0.0,82,16.5,2885.65
2025-12-02 11:00:00,8.3,0.0,0.0,0.0,91,18.2,3600.0
2025-12-02 12:00:00,9.2,0.0,0.0,0.0,100,14.8,3600.0
2025-12-02 13:00:00,9.6,0.0,0.0,0.0,100,17.5,1482.33
2025-12-02 14:00:00,9.6,0.0,0.0,0.0,100,15.2,0.0
2025-12-02 15:00:00,9.5,0.0,0.0,0.0,100,12.3,0.0
2025-12-02 16:00:00,8.9,0.0,0.0,0.0,100,11.6,0.0
2025-12-02 17:00:00,8.1,0.0,0.0,0.0,98,11.7,0.0
2025-12-02 18:00:00,7.1,0.0,0.0,0.0,75,11.2,0.0
2025-12-02 19:00:00,6.8,0.0,0.0,0.0,100,11.1,0.0
2025-12-02 20:00:00,7.1,0.0,0.0,0.0,99,11.2,0.0
2025-12-02 21:00:00,6.5,0.0,0.0,0.0,100,10.6,0.0
2025-12-02 22:00:00,6.4,0.0,0.0,0.0,100,11.2,0.0
2025-12-02 23:00:00,6.6,0.0,0.0,0.0,100,11.3,0.0
2025-12-03 00:00:00,6.5,0.0,0.0,0.0,99,11.3,0.0
2025-12-03 01:00:00,5.9,0.0,0.0,0.0,100,11.0,0.0
2025-12-03 02:00:00,6.1,0.0,0.0,0.0,100,10.5,0.0
2025-12-03 03:00:00,6.2,0.0,0.0,0.0,100,10.7,0.0
2025-12-03 04:00:00,6.6,0.0,0.0,0.0,100,11.3,0.0
2025-12-03 05:00:00,6.4,0.0,0.0,0.0,100,10.3,0.0
2025-12-03 06:00:00,6.7,0.0,0.0,0.0,100,9.5,0.0
2025-12-03 07:00:00,6.8,0.0,0.0,0.0,100,9.3,0.0
2025-12-03 08:00:00,6.6,0.0,0.0,0.0,100,9.9,0.0
2025-12-03 09:00:00,6.4,0.0,0.0,0.0,100,10.7,0.0
2025-12-03 10:00:00,6.8,0.0,0.0,0.0,93,11.2,0.0
2025-12-03 11:00:00,7.3,0.0,0.0,0.0,100,14.2,3600.0
2025-12-03 12:00:00,7.9,0.0,0.0,0.0,97,13.3,3600.0
2025-12-03 13:00:00,8.9,0.0,0.0,0.0,59,14.1,3600.0
2025-12-03 14:00:00,9.4,0.0,0.0,0.0,32,12.1,3600.0
2025-12-03 15:00:00,9.1,0.0,0.0,0.0,45,10.5,3600.0
2025-12-03 16:00:00,8.1,0.0,0.0,0.0,20,6.5,3600.0
2025-12-03 17:00:00,5.6,0.0,0.0,0.0,9,6.5,7.8
2025-12-03 18:00:00,5.3,0.0,0.0,0.0,20,7.1,0.0
2025-12-03 19:00:00,5.7,0.0,0.0,0.0,31,7.8,0.0
2025-12-03 20:00:00,5.7,0.0,0.0,0.0,51,9.2,0.0
2025-12-03 21:00:00,5.7,0.0,0.0,0.0,7,9.6,0.0
2025-12-03 22:00:00,5.1,0.0,0.0,0.0,4,10.1,0.0
2025-12-03 23:00:00,4.7,0.0,0.0,0.0,0,9.8,0.0
2025-12-04 00:00:00,4.3,0.0,0.0,0.0,0,11.0,0.0
2025-12-04 01:00:00,5.4,0.0,0.0,0.0,41,11.5,0.0
2025-12-04 02:00:00,5.4,0.0,0.0,0.0,47,12.6,0.0
2025-12-04 03:00:00,5.1,0.0,0.0,0.0,100,12.0,0.0
2025-12-04 04:00:00,4.8,0.0,0.0,0.0,100,12.9,0.0
2025-12-04 05:00:00,4.8,0.0,0.0,0.0,68,15.2,0.0
2025-12-04 06:00:00,4.6,0.0,0.0,0.0,30,15.9,0.0
2025-12-04 07:00:00,4.8,0.0,0.0,0.0,100,16.9,0.0
2025-12-04 08:00:00,5.1,0.0,0.0,0.0,100,17.6,0.0
2025-12-04 09:00:00,5.2,0.0,0.0,0.0,100,19.7,0.0
2025-12-04 10:00:00,6.1,0.0,0.0,0.0,100,21.3,1009.58
2025-12-04 11:00:00,6.5,0.0,0.0,0.0,100,21.9,0.0
2025-12-04 12:00:00,6.9,0.0,0.0,0.0,100,21.3,0.0
2025-12-04 13:00:00,7.2,0.1,0.1,0.0,100,23.0,0.0
2025-12-04 14:00:00,7.5,0.0,0.0,0.0,100,22.4,0.0
2025-12-04 15:00:00,7.6,0.1,0.1,0.0,100,21.6,0.0
2025-12-04 16:00:00,7.7,0.0,0.0,0.0,95,18.3,0.0
2025-12-04 17:00:00,6.9,0.0,0.0,0.0,84,15.6,0.0
2025-12-04 18:00:00,6.2,0.0,0.0,0.0,67,14.4,0.0
2025-12-04 19:00:00,5.9,0.0,0.0,0.0,21,12.8,0.0
2025-12-04 20:00:00,5.4,0.0,0.0,0.0,31,8.9,0.0
2025-12-04 21:00:00,4.8,0.0,0.0,0.0,33,8.5,0.0
2025-12-04 22:00:00,4.5,0.0,0.0,0.0,16,9.3,0.0
2025-12-04 23:00:00,4.0,0.0,0.0,0.0,0,8.4,0.0
2025-12-05 00:00:00,3.3,0.0,0.0,0.0,1,7.9,0.0
2025-12-05 01:00:00,3.2,0.0,0.0,0.0,0,7.5,0.0
2025-12-05 02:00:00,2.7,0.0,0.0,0.0,0,8.5,0.0
2025-12-05 03:00:00,2.5,0.0,0.0,0.0,0,8.3,0.0
2025-12-05 04:00:00,2.2,0.0,0.0,0.0,2,8.9,0.0
2025-12-05 05:00:00,2.0,0.0,0.0,0.0,5,9.4,0.0
2025-12-05 06:00:00,1.9,0.0,0.0,0.0,0,9.1,0.0
2025-12-05 07:00:00,1.3,0.0,0.0,0.0,0,8.7,0.0
2025-12-05 08:00:00,0.8,0.0,0.0,0.0,0,7.9,0.0
2025-12-05 09:00:00,0.6,0.0,0.0,0.0,1,9.0,0.0
2025-12-05 10:00:00,1.6,0.0,0.0,0.0,5,11.4,2732.55
2025-12-05 11:00:00,3.0,0.0,0.0,0.0,99,12.6,3600.0
2025-12-05 12:00:00,4.0,0.0,0.0,0.0,97,12.6,3600.0
2025-12-05 13:00:00,4.8,0.0,0.0,0.0,100,14.4,3600.0
2025-12-05 14:00:00,5.4,0.0,0.0,0.0,100,15.1,82.8
2025-12-05 15:00:00,5.6,0.0,0.0,0.0,100,16.1,0.0
2025-12-05 16:00:00,5.2,0.0,0.0,0.0,100,14.8,287.56
2025-12-05 17:00:00,4.8,0.0,0.0,0.0,100,16.1,0.0
2025-12-05 18:00:00,4.4,0.0,0.0,0.0,100,17.9,0.0
2025-12-05 19:00:00,4.4,0.0,0.0,0.0,100,21.3,0.0
2025-12-05 20:00:00,4.6,0.0,0.0,0.0,100,22.4,0.0
2025-12-05 21:00:00,4.9,0.0,0.0,0.0,100,22.8,0.0
2025-12-05 22:00:00,5.2,0.3,0.3,0.0,100,26.3,0.0
2025-12-05 23:00:00,5.4,0.3,0.3,0.0,100,28.9,0.0
2025-12-06 00:00:00,5.9,0.1,0.1,0.0,100,31.1,0.0
2025-12-06 01:00:00,5.7,0.2,0.2,0.0,100,26.4,0.0
2025-12-06 02:00:00,6.2,0.2,0.2,0.0,100,27.5,0.0
2025-12-06 03:00:00,6.4,0.0,0.0,0.0,100,24.3,0.0
2025-12-06 04:00:00,6.7,0.0,0.0,0.0,100,21.1,0.0
2025-12-06 05:00:00,7.4,0.0,0.0,0.0,100,20.3,0.0
2025-12-06 06:00:00,8.2,0.0,0.0,0.0,99,21.9,0.0
2025-12-06 07:00:00,8.1,0.0,0.0,0.0,97,21.4,0.0
2025-12-06 08:00:00,8.7,0.0,0.0,0.0,94,21.2,0.0
2025-12-06 09:00:00,8.9,0.0,0.0,0.0,100,20.0,0.0
2025-12-06 10:00:00,9.1,0.6,0.6,0.0,100,22.0,0.0
2025-12-06 11:00:00,9.3,0.4,0.4,0.0,100,23.1,0.0
2025-12-06 12:00:00,9.4,0.3,0.3,0.0,100,23.4,0.0
2025-12-06 13:00:00,10.3,0.1,0.1,0.0,100,26.0,1798.21
2025-12-06 14:00:00,10.6,0.2,0.2,0.0,93,26.0,0.0
2025-12-06 15:00:00,10.6,0.1,0.1,0.0,36,23.8,1531.28
2025-12-06 16:00:00,10.4,0.0,0.0,0.0,94,23.7,3600.0
2025-12-06 17:00:00,9.9,0.0,0.0,0.0,98,23.8,0.0
2025-12-06 18:00:00,10.0,0.0,0.0,0.0,98,23.3,0.0
2025-12-06 19:00:00,10.1,0.0,0.0,0.0,78,22.9,0.0
2025-12-06 20:00:00,10.1,0.0,0.0,0.0,97,22.3,0.0
2025-12-06 21:00:00,9.8,0.0,0.0,0.0,98,22.5,0.0
2025-12-06 22:00:00,9.7,0.0,0.0,0.0,80,22.1,0.0
2025-12-06 23:00:00,9.2,0.0,0.0,0.0,79,21.1,0.0
2025-12-07 00:00:00,9.1,0.0,0.0,0.0,77,20.1,0.0
2025-12-07 01:00:00,8.9,0.0,0.0,0.0,31,19.9,0.0
2025-12-07 02:00:00,8.7,0.0,0.0,0.0,29,18.5,0.0
2025-12-07 03:00:00,8.6,0.0,0.0,0.0,85,14.9,0.0
2025-12-07 04:00:00,8.2,0.7,0.7,0.0,98,11.9,0.0
2025-12-07 05:00:00,8.6,3.6,3.6,0.0,100,14.9,0.0
2025-12-07 06:00:00,9.4,1.3,1.3,0.0,100,18.0,0.0
2025-12-07 07:00:00,9.4,0.0,0.0,0.0,100,15.8,0.0
2025-12-07 08:00:00,9.6,0.0,0.0,0.0,100,15.7,0.0
2025-12-07 09:00:00,9.4,0.0,0.0,0.0,100,14.1,0.0
2025-12-07 10:00:00,9.8,0.0,0.0,0.0,100,15.3,0.0
2025-12-07 11:00:00,10.4,0.1,0.1,0.0,100,15.0,0.0
2025-12-07 12:00:00,10.6,0.6,0.6,0.0,100,15.7,0.0
2025-12-07 13:00:00,10.6,0.6,0.6,0.0,100,18.2,0.0
2025-12-07 14:00:00,11.1,0.4,0.4,0.0,100,19.0,0.0
2025-12-07 15:00:00,11.8,0.7,0.7,0.0,100,19.9,0.0
2025-12-07 16:00:00,12.4,0.5,0.5,0.0,100,19.1,0.0
2025-12-07 17:00:00,13.1,0.8,0.8,0.0,100,21.0,0.0
2025-12-07 18:00:00,13.6,0.5,0.5,0.0,100,25.3,0.0
2025-12-07 19:00:00,14.3,0.2,0.2,0.0,100,29.5,0.0
2025-12-07 20:00:00,14.3,0.0,0.0,0.0,100,29.3,0.0
2025-12-07 21:00:00,13.8,0.0,0.0,0.0,99,28.7,0.0
2025-12-07 22:00:00,13.2,0.0,0.0,0.0,98,25.5,0.0
2025-12-07 23:00:00,12.7,0.0,0.0,0.0,98,23.5,0.0
2025-12-08 00:00:00,12.2,0.0,0.0,0.0,60,21.7,0.0
2025-12-08 01:00:00,11.4,0.0,0.0,0.0,27,15.8,0.0
2025-12-08 02:00:00,11.1,0.0,0.0,0.0,68,14.7,0.0
2025-12-08 03:00:00,10.8,0.0,0.0,0.0,78,14.1,0.0
2025-12-08 04:00:00,10.7,0.0,0.0,0.0,63,14.1,0.0
2025-12-08 05:00:00,10.3,0.0,0.0,0.0,97,13.0,0.0
2025-12-08 06:00:00,10.1,0.0,0.0,0.0,100,13.9,0.0
2025-12-08 07:00:00,10.4,0.0,0.0,0.0,99,12.2,0.0
2025-12-08 08:00:00,10.9,0.0,0.0,0.0,96,13.3,0.0
2025-12-08 09:00:00,11.1,0.4,0.4,0.0,100,11.5,0.0
2025-12-08 10:00:00,12.4,0.1,0.1,0.0,100,19.0,0.0
2025-12-08 11:00:00,13.4,0.2,0.2,0.0,100,20.8,0.0
2025-12-08 12:00:00,13.5,0.2,0.2,0.0,100,19.6,0.0
2025-12-08 13:00:00,13.7,0.1,0.1,0.0,100,16.4,0.0
2025-12-08 14:00:00,13.0,1.4,1.4,0.0,100,13.3,0.0
2025-12-08 15:00:00,13.1,1.0,1.0,0.0,100,12.5,0.0
2025-12-08 16:00:00,12.9,1.2,1.2,0.0,100,15.0,0.0
2025-12-08 17:00:00,12.8,0.5,0.5,0.0,100,13.4,0.0
2025-12-08 18:00:00,12.4,0.3,0.3,0.0,100,12.2,0.0
2025-12-08 19:00:00,12.6,0.1,0.1,0.0,100,13.8,0.0
2025-12-08 20:00:00,12.6,0.2,0.2,0.0,100,15.7,0.0
2025-12-08 21:00:00,12.2,0.1,0.1,0.0,100,16.0,0.0
2025-12-08 22:00:00,12.1,0.3,0.3,0.0,100,15.5,0.0
2025-12-08 23:00:00,12.4,0.4,0.4,0.0,100,15.8,0.0
2025-12-09 00:00:00,12.6,0.1,0.1,0.0,91,17.4,0.0
2025-12-09 01:00:00,12.5,0.0,0.0,0.0,100,15.0,0.0
2025-12-09 02:00:00,12.2,0.0,0.0,0.0,100,15.4,0.0
2025-12-09 03:00:00,11.3,0.0,0.0,0.0,100,13.5,0.0
2025-12-09 04:00:00,10.9,0.0,0.0,0.0,100,14.4,0.0
2025-12-09 05:00:00,11.1,0.0,0.0,0.0,100,16.8,0.0
2025-12-09 06:00:00,11.4,0.0,0.0,0.0,100,18.6,0.0
2025-12-09 07:00:00,11.0,0.0,0.0,0.0,100,17.8,0.0
2025-12-09 08:00:00,11.0,0.0,0.0,0.0,100,15.7,0.0
2025-12-09 09:00:00,10.9,0.0,0.0,0.0,100,15.2,0.0
2025-12-09 10:00:00,11.2,0.0,0.0,0.0,100,16.2,0.0
2025-12-09 11:00:00,11.7,0.0,0.0,0.0,99,19.0,0.0
2025-12-09 12:00:00,12.1,0.0,0.0,0.0,98,15.5,3600.0
2025-12-09 13:00:00,12.7,0.0,0.0,0.0,100,19.0,3600.0
2025-12-09 14:00:00,12.9,0.0,0.0,0.0,98,15.5,0.0
2025-12-09 15:00:00,13.4,0.0,0.0,0.0,98,22.1,3600.0
2025-12-09 16:00:00,13.4,0.0,0.0,0.0,100,23.6,3412.53
2025-12-09 17:00:00,13.4,0.2,0.2,0.0,100,21.6,0.0
2025-12-09 18:00:00,14.1,0.0,0.0,0.0,93,21.1,0.0
2025-12-09 19:00:00,13.2,0.0,0.0,0.0,100,20.3,0.0
2025-12-09 20:00:00,13.4,0.0,0.0,0.0,100,20.2,0.0
2025-12-09 21:00:00,13.4,0.1,0.1,0.0,100,20.5,0.0
2025-12-09 22:00:00,13.4,0.0,0.0,0.0,88,19.4,0.0
2025-12-09 23:00:00,13.1,0.0,0.0,0.0,96,17.3,0.0
2025-12-10 00:00:00,12.9,0.0,0.0,0.0,100,15.9,0.0
2025-12-10 01:00:00,13.1,0.1,0.1,0.0,98,15.4,0.0
2025-12-10 02:00:00,13.0,0.0,0.0,0.0,100,15.7,0.0
2025-12-10 03:00:00,12.4,0.0,0.0,0.0,99,14.2,0.0
2025-12-10 04:00:00,11.6,0.0,0.0,0.0,100,12.2,0.0
2025-12-10 05:00:00,11.4,0.0,0.0,0.0,100,12.1,0.0
2025-12-10 06:00:00,11.2,0.0,0.0,0.0,100,12.5,0.0
2025-12-10 07:00:00,11.1,0.0,0.0,0.0,98,12.2,0.0
2025-12-10 08:00:00,10.8,0.0,0.0,0.0,100,12.4,0.0
2025-12-10 09:00:00,10.7,0.0,0.0,0.0,100,13.9,0.0
2025-12-10 10:00:00,11.2,0.0,0.0,0.0,100,14.4,0.0
2025-12-10 11:00:00,11.8,0.0,0.0,0.0,100,14.7,615.83
2025-12-10 12:00:00,12.1,0.0,0.0,0.0,100,16.1,0.0
2025-12-10 13:00:00,12.7,0.0,0.0,0.0,100,19.6,3600.0
2025-12-10 14:00:00,13.1,0.0,0.0,0.0,100,17.8,3600.0
2025-12-10 15:00:00,12.8,0.0,0.0,0.0,63,15.8,3600.0
2025-12-10 16:00:00,12.2,0.0,0.0,0.0,100,14.8,3554.44
2025-12-10 17:00:00,11.4,0.0,0.0,0.0,98,15.1,0.0
2025-12-10 18:00:00,10.9,0.0,0.0,0.0,96,15.2,0.0
2025-12-10 19:00:00,10.4,0.0,0.0,0.0,2,14.7,0.0
2025-12-10 20:00:00,9.8,0.0,0.0,0.0,0,11.9,0.0
2025-12-10 21:00:00,9.0,0.0,0.0,0.0,0,10.6,0.0
2025-12-10 22:00:00,8.6,0.0,0.0,0.0,0,11.3,0.0
2025-12-10 23:00:00,8.2,0.0,0.0,0.0,0,12.0,0.0
2025-12-11 00:00:00,7.9,0.0,0.0,0.0,2,11.8,0.0
2025-12-11 01:00:00,7.6,0.0,0.0,0.0,0,10.9,0.0
2025-12-11 02:00:00,7.1,0.0,0.0,0.0,11,9.8,0.0
2025-12-11 03:00:00,6.8,0.0,0.0,0.0,17,10.9,0.0
2025-12-11 04:00:00,6.5,0.0,0.0,0.0,25,11.9,0.0
2025-12-11 05:00:00,6.2,0.0,0.0,0.0,12,11.7,0.0
2025-12-11 06:00:00,5.8,0.0,0.0,0.0,0,10.4,0.0
2025-12-11 07:00:00,6.4,0.0,0.0,0.0,9,11.7,0.0
2025-12-11 08:00:00,5.4,0.0,0.0,0.0,0,9.1,0.0
2025-12-11 09:00:00,4.9,0.0,0.0,0.0,3,10.0,0.0
2025-12-11 10:00:00,5.3,0.0,0.0,0.0,100,13.4,2287.04
2025-12-11 11:00:00,6.0,0.0,0.0,0.0,100,13.8,3600.0
2025-12-11 12:00:00,6.9,0.0,0.0,0.0,100,14.3,3600.0
2025-12-11 13:00:00,7.1,0.0,0.0,0.0,100,14.7,3545.13
2025-12-11 14:00:00,7.8,0.0,0.0,0.0,100,16.6,0.0
2025-12-11 15:00:00,7.8,0.0,0.0,0.0,100,16.7,0.0
2025-12-11 16:00:00,7.7,0.0,0.0,0.0,100,15.2,0.0
2025-12-11 17:00:00,7.6,0.0,0.0,0.0,100,11.8,0.0
2025-12-11 18:00:00,7.8,0.0,0.0,0.0,100,12.8,0.0
2025-12-11 19:00:00,8.1,0.0,0.0,0.0,100,11.1,0.0
2025-12-11 20:00:00,8.4,0.0,0.0,0.0,100,11.5,0.0
2025-12-11 21:00:00,8.6,0.0,0.0,0.0,100,11.8,0.0
2025-12-11 22:00:00,8.8,0.0,0.0,0.0,100,12.1,0.0
2025-12-11 23:00:00,9.0,0.0,0.0,0.0,100,13.1,0.0
2025-12-12 00:00:00,9.1,0.0,0.0,0.0,100,11.8,0.0
2025-12-12 01:00:00,8.9,0.0,0.0,0.0,100,9.4,0.0
2025-12-12 02:00:00,9.1,0.1,0.1,0.0,100,9.4,0.0
2025-12-12 03:00:00,9.1,0.0,0.0,0.0,100,10.4,0.0
2025-12-12 04:00:00,9.2,0.0,0.0,0.0,100,11.3,0.0
2025-12-12 05:00:00,9.2,0.0,0.0,0.0,100,10.3,0.0
2025-12-12 06:00:00,9.2,0.0,0.0,0.0,100,11.3,0.0
2025-12-12 07:00:00,9.6,0.0,0.0,0.0,100,12.4,0.0
2025-12-12 08:00:00,9.9,0.0,0.0,0.0,100,12.8,0.0
2025-12-12 09:00:00,9.7,0.0,0.0,0.0,100,12.3,0.0
2025-12-12 10:00:00,10.2,0.0,0.0,0.0,100,12.6,0.0
2025-12-12 11:00:00,10.9,0.0,0.0,0.0,100,15.2,0.0
2025-12-12 12:00:00,11.0,0.0,0.0,0.0,100,15.4,0.0
2025-12-12 13:00:00,11.1,0.0,0.0,0.0,100,12.7,0.0
2025-12-12 14:00:00,11.5,0.0,0.0,0.0,100,12.9,0.0
2025-12-12 15:00:00,11.6,0.0,0.0,0.0,99,10.6,2198.56
2025-12-12 16:00:00,10.6,0.0,0.0,0.0,98,9.7,2241.4
2025-12-12 17:00:00,9.4,0.0,0.0,0.0,97,10.6,0.0
2025-12-12 18:00:00,9.1,0.0,0.0,0.0,100,10.6,0.0
2025-12-12 19:00:00,9.1,0.0,0.0,0.0,99,10.3,0.0
2025-12-12 20:00:00,9.1,0.0,0.0,0.0,100,11.0,0.0
2025-12-12 21:00:00,9.0,0.0,0.0,0.0,99,11.6,0.0
2025-12-12 22:00:00,8.5,0.0,0.0,0.0,72,11.6,0.0
2025-12-12 23:00:00,8.2,0.0,0.0,0.0,100,11.8,0.0
2025-12-13 00:00:00,8.4,0.0,0.0,0.0,100,11.3,0.0
2025-12-13 01:00:00,7.8,0.0,0.0,0.0,100,9.2,0.0
2025-12-13 02:00:00,8.6,0.0,0.0,0.0,100,9.3,0.0
2025-12-13 03:00:00,8.9,0.0,0.0,0.0,100,8.8,0.0
2025-12-13 04:00:00,9.1,0.0,0.0,0.0,100,7.8,0.0
2025-12-13 05:00:00,8.2,0.0,0.0,0.0,96,4.8,0.0
2025-12-13 06:00:00,7.3,0.0,0.0,0.0,98,3.2,0.0
2025-12-13 07:00:00,7.6,0.0,0.0,0.0,100,3.2,0.0
2025-12-13 08:00:00,7.3,0.0,0.0,0.0,100,3.0,0.0
2025-12-13 09:00:00,7.2,0.0,0.0,0.0,100,2.3,0.0
2025-12-13 10:00:00,7.9,0.0,0.0,0.0,100,4.7,0.0
2025-12-13 11:00:00,8.4,0.0,0.0,0.0,100,4.3,0.0
2025-12-13 12:00:00,9.1,0.0,0.0,0.0,59,2.6,0.0
2025-12-13 13:00:00,9.6,0.0,0.0,0.0,30,3.3,3600.0
2025-12-13 14:00:00,10.2,0.0,0.0,0.0,0,2.7,3600.0
2025-12-13 15:00:00,10.1,0.0,0.0,0.0,0,3.1,3600.0
2025-12-13 16:00:00,8.6,0.0,0.0,0.0,0,1.8,3530.42
2025-12-13 17:00:00,6.8,0.0,0.0,0.0,5,2.1,5.74
2025-12-13 18:00:00,5.6,0.0,0.0,0.0,28,4.0,0.0
2025-12-13 19:00:00,4.7,0.0,0.0,0.0,5,4.3,0.0
2025-12-13 20:00:00,3.8,0.0,0.0,0.0,14,4.2,0.0
2025-12-13 21:00:00,3.2,0.0,0.0,0.0,2,4.7,0.0
2025-12-13 22:00:00,2.8,0.0,0.0,0.0,91,6.0,0.0
2025-12-13 23:00:00,2.6,0.0,0.0,0.0,99,7.1,0.0
2025-12-14 00:00:00,3.5,0.0,0.0,0.0,100,8.7,0.0
2025-12-14 01:00:00,3.3,0.0,0.0,0.0,100,10.6,0.0
2025-12-14 02:00:00,3.9,0.0,0.0,0.0,100,10.1,0.0
2025-12-14 03:00:00,4.3,0.0,0.0,0.0,100,12.1,0.0
2025-12-14 04:00:00,5.0,0.0,0.0,0.0,100,14.4,0.0
2025-12-14 05:00:00,6.2,0.0,0.0,0.0,100,14.4,0.0
2025-12-14 06:00:00,6.4,0.0,0.0,0.0,100,12.4,0.0
2025-12-14 07:00:00,6.6,0.0,0.0,0.0,100,9.3,0.0
2025-12-14 08:00:00,6.7,0.0,0.0,0.0,100,11.0,0.0
2025-12-14 09:00:00,7.2,0.0,0.0,0.0,100,13.3,0.0
2025-12-14 10:00:00,7.7,0.0,0.0,0.0,100,11.6,0.0
2025-12-14 11:00:00,8.1,0.0,0.0,0.0,100,14.0,0.0
2025-12-14 12:00:00,8.6,0.0,0.0,0.0,100,15.3,0.0
2025-12-14 13:00:00,8.6,0.1,0.1,0.0,100,15.1,0.0
2025-12-14 14:00:00,8.6,0.0,0.0,0.0,100,13.4,0.0
2025-12-14 15:00:00,8.5,0.0,0.0,0.0,100,12.7,0.0
2025-12-14 16:00:00,8.6,0.0,0.0,0.0,100,14.7,0.0
2025-12-14 17:00:00,8.4,0.0,0.0,0.0,100,16.0,0.0
2025-12-14 18:00:00,8.4,0.0,0.0,0.0,100,17.5,0.0
2025-12-14 19:00:00,8.3,0.0,0.0,0.0,100,17.0,0.0
2025-12-14 20:00:00,8.2,0.0,0.0,0.0,100,16.6,0.0
2025-12-14 21:00:00,8.1,0.0,0.0,0.0,100,16.8,0.0
2025-12-14 22:00:00,7.8,0.0,0.0,0.0,100,17.3,0.0
2025-12-14 23:00:00,7.2,0.0,0.0,0.0,100,17.8,0.0
2025-12-15 00:00:00,6.7,0.0,0.0,0.0,100,18.0,0.0
2025-12-15 01:00:00,6.2,0.0,0.0,0.0,100,18.9,0.0
2025-12-15 02:00:00,6.0,0.0,0.0,0.0,100,19.6,0.0
2025-12-15 03:00:00,5.9,0.0,0.0,0.0,100,19.3,0.0
2025-12-15 04:00:00,5.8,0.0,0.0,0.0,100,19.7,0.0
2025-12-15 05:00:00,5.6,0.0,0.0,0.0,100,20.5,0.0
2025-12-15 06:00:00,5.4,0.0,0.0,0.0,100,19.8,0.0
2025-12-15 07:00:00,5.6,0.0,0.0,0.0,100,17.7,0.0
2025-12-15 08:00:00,5.4,0.0,0.0,0.0,100,18.7,0.0
2025-12-15 09:00:00,5.8,0.0,0.0,0.0,100,18.9,0.0
2025-12-15 10:00:00,6.8,0.0,0.0,0.0,100,18.7,0.0
2025-12-15 11:00:00,7.7,0.0,0.0,0.0,9,16.1,0.0
2025-12-15 12:00:00,8.4,0.0,0.0,0.0,6,18.4,3600.0
2025-12-15 13:00:00,8.0,0.0,0.0,0.0,22,16.4,3600.0
2025-12-15 14:00:00,8.4,0.0,0.0,0.0,20,14.6,3600.0
2025-12-15 15:00:00,8.6,0.0,0.0,0.0,76,14.2,3600.0
2025-12-15 16:00:00,8.4,0.0,0.0,0.0,41,16.0,3535.56
2025-12-15 17:00:00,8.2,0.0,0.0,0.0,100,15.1,0.0
2025-12-15 18:00:00,8.7,0.0,0.0,0.0,100,16.4,0.0
2025-12-15 19:00:00,8.7,0.0,0.0,0.0,100,14.9,0.0
2025-12-15 20:00:00,8.7,0.0,0.0,0.0,100,14.0,0.0
2025-12-15 21:00:00,8.8,0.0,0.0,0.0,99,15.1,0.0
2025-12-15 22:00:00,8.7,0.0,0.0,0.0,99,14.1,0.0
2025-12-15 23:00:00,8.6,0.0,0.0,0.0,98,11.4,0.0
2025-12-16 00:00:00,8.6,0.0,0.0,0.0,95,12.5,0.0
2025-12-16 01:00:00,9.1,0.0,0.0,0.0,99,12.4,0.0
2025-12-16 02:00:00,9.1,0.0,0.0,0.0,99,11.1,0.0
2025-12-16 03:00:00,8.8,0.0,0.0,0.0,100,14.0,0.0
2025-12-16 04:00:00,8.9,0.0,0.0,0.0,98,14.4,0.0
2025-12-16 05:00:00,8.7,0.0,0.0,0.0,100,14.5,0.0
2025-12-16 06:00:00,9.1,0.0,0.0,0.0,100,13.5,0.0
2025-12-16 07:00:00,9.1,0.0,0.0,0.0,100,11.0,0.0
2025-12-16 08:00:00,9.0,0.0,0.0,0.0,100,12.3,0.0
2025-12-16 09:00:00,9.2,0.0,0.0,0.0,100,14.2,0.0
2025-12-16 10:00:00,9.5,0.1,0.1,0.0,100,12.0,0.0
2025-12-16 11:00:00,10.1,0.1,0.1,0.0,100,12.7,1598.03
2025-12-16 12:00:00,10.8,0.0,0.0,0.0,98,9.0,3600.0
2025-12-16 13:00:00,11.4,0.0,0.0,0.0,100,8.9,3600.0
2025-12-16 14:00:00,11.8,0.0,0.0,0.0,100,6.9,3600.0
2025-12-16 15:00:00,11.6,0.0,0.0,0.0,88,9.0,3373.75
2025-12-16 16:00:00,11.0,0.0,0.0,0.0,52,9.4,2969.96
2025-12-16 17:00:00,9.4,0.0,0.0,0.0,12,8.3,0.0
2025-12-16 18:00:00,8.3,0.0,0.0,0.0,41,7.4,0.0
2025-12-16 19:00:00,8.0,0.0,0.0,0.0,98,6.2,0.0
2025-12-16 20:00:00,7.5,0.0,0.0,0.0,7,6.7,0.0
2025-12-16 21:00:00,7.2,0.0,0.0,0.0,16,7.1,0.0
2025-12-16 22:00:00,6.6,0.0,0.0,0.0,98,6.6,0.0
2025-12-16 23:00:00,5.9,0.0,0.0,0.0,48,6.3,0.0
2025-12-17 00:00:00,5.6,0.0,0.0,0.0,18,6.2,0.0
2025-12-17 01:00:00,6.7,0.0,0.0,0.0,83,6.2,0.0
2025-12-17 02:00:00,6.7,0.0,0.0,0.0,100,6.5,0.0
2025-12-17 03:00:00,7.2,0.0,0.0,0.0,100,8.5,0.0
2025-12-17 04:00:00,7.9,0.0,0.0,0.0,100,10.1,0.0
2025-12-17 05:00:00,8.1,0.0,0.0,0.0,100,10.2,0.0
2025-12-17 06:00:00,7.9,0.0,0.0,0.0,100,10.4,0.0
2025-12-17 07:00:00,8.5,0.0,0.0,0.0,100,10.7,0.0
2025-12-17 08:00:00,8.9,0.0,0.0,0.0,100,9.6,0.0
2025-12-17 09:00:00,8.4,0.0,0.0,0.0,50,7.8,0.0
2025-12-17 10:00:00,8.5,0.0,0.0,0.0,94,9.1,773.94
2025-12-17 11:00:00,8.9,0.0,0.0,0.0,69,10.6,2819.62
2025-12-17 12:00:00,9.4,0.0,0.0,0.0,100,12.3,3600.0
2025-12-17 13:00:00,9.6,0.1,0.1,0.0,97,13.2,3600.0
2025-12-17 14:00:00,9.8,0.0,0.0,0.0,100,12.1,3600.0
2025-12-17 15:00:00,9.6,0.0,0.0,0.0,44,11.2,3600.0
2025-12-17 16:00:00,8.8,0.0,0.0,0.0,100,9.6,3557.79
2025-12-17 17:00:00,7.9,0.0,0.0,0.0,100,11.1,0.0
2025-12-17 18:00:00,7.3,0.0,0.0,0.0,100,12.9,0.0
2025-12-17 19:00:00,7.1,0.0,0.0,0.0,100,14.8,0.0
2025-12-17 20:00:00,6.9,0.0,0.0,0.0,100,16.7,0.0
2025-12-17 21:00:00,6.7,0.0,0.0,0.0,71,17.4,0.0
2025-12-17 22:00:00,6.3,0.0,0.0,0.0,76,18.0,0.0
2025-12-17 23:00:00,6.1,0.0,0.0,0.0,81,18.1,0.0
2025-12-18 00:00:00,6.0,0.0,0.0,0.0,32,19.2,0.0
2025-12-18 01:00:00,5.9,0.0,0.0,0.0,42,19.9,0.0
2025-12-18 02:00:00,6.0,0.0,0.0,0.0,97,20.2,0.0
2025-12-18 03:00:00,6.4,0.0,0.0,0.0,100,20.7,0.0
2025-12-18 04:00:00,7.0,0.0,0.0,0.0,100,21.3,0.0
2025-12-18 05:00:00,7.1,0.0,0.0,0.0,100,20.3,0.0
2025-12-18 06:00:00,7.6,0.0,0.0,0.0,100,21.3,0.0
2025-12-18 07:00:00,8.7,0.0,0.0,0.0,100,20.9,0.0
2025-12-18 08:00:00,9.1,0.0,0.0,0.0,100,20.7,0.0
2025-12-18 09:00:00,9.4,0.0,0.0,0.0,100,20.0,0.0
2025-12-18 10:00:00,9.4,0.2,0.2,0.0,100,20.3,0.0
2025-12-18 11:00:00,9.4,0.5,0.5,0.0,100,21.3,0.0
2025-12-18 12:00:00,9.8,0.1,0.1,0.0,100,21.0,0.0
2025-12-18 13:00:00,11.2,0.0,0.0,0.0,77,20.7,0.0
2025-12-18 14:00:00,12.1,0.0,0.0,0.0,100,17.5,3600.0
2025-12-18 15:00:00,12.2,0.0,0.0,0.0,100,24.7,0.0
2025-12-18 16:00:00,12.5,0.0,0.0,0.0,100,25.6,0.0
2025-12-18 17:00:00,13.0,0.0,0.0,0.0,88,27.4,0.0
2025-12-18 18:00:00,12.9,0.0,0.0,0.0,100,27.9,0.0
2025-12-18 19:00:00,13.0,0.0,0.0,0.0,100,28.5,0.0
2025-12-18 20:00:00,13.6,0.0,0.0,0.0,100,28.4,0.0
2025-12-18 21:00:00,13.2,0.3,0.3,0.0,100,28.3,0.0
2025-12-18 22:00:00,12.9,0.4,0.4,0.0,100,27.8,0.0
2025-12-18 23:00:00,12.4,0.3,0.3,0.0,100,24.7,0.0
2025-12-19 00:00:00,11.9,0.5,0.5,0.0,100,22.3,0.0
2025-12-19 01:00:00,11.4,0.7,0.7,0.0,100,20.7,0.0
2025-12-19 02:00:00,11.4,0.3,0.3,0.0,100,20.3,0.0
2025-12-19 03:00:00,11.1,1.2,1.2,0.0,100,19.2,0.0
2025-12-19 04:00:00,11.0,1.3,1.3,0.0,100,16.3,0.0
2025-12-19 05:00:00,10.9,1.7,1.7,0.0,100,14.1,0.0
2025-12-19 06:00:00,11.0,1.7,1.7,0.0,100,14.9,0.0
2025-12-19 07:00:00,10.3,0.4,0.4,0.0,100,15.1,0.0
2025-12-19 08:00:00,9.6,0.3,0.3,0.0,100,12.7,0.0
2025-12-19 09:00:00,9.4,0.2,0.2,0.0,100,11.5,0.0
2025-12-19 10:00:00,9.2,0.0,0.0,0.0,100,11.2,0.0
2025-12-19 11:00:00,9.4,0.0,0.0,0.0,100,11.7,0.0
2025-12-19 12:00:00,9.9,0.0,0.0,0.0,100,10.9,0.0
2025-12-19 13:00:00,10.2,0.0,0.0,0.0,94,9.2,547.69
2025-12-19 14:00:00,10.6,0.0,0.0,0.0,91,9.9,3600.0
2025-12-19 15:00:00,10.4,0.0,0.0,0.0,100,9.3,3600.0
2025-12-19 16:00:00,9.4,0.0,0.0,0.0,100,6.9,2993.8
2025-12-19 17:00:00,8.2,0.0,0.0,0.0,100,7.4,0.0
2025-12-19 18:00:00,7.7,0.0,0.0,0.0,98,8.1,0.0
2025-12-19 19:00:00,7.1,0.0,0.0,0.0,27,8.9,0.0
2025-12-19 20:00:00,6.6,0.0,0.0,0.0,73,8.5,0.0
2025-12-19 21:00:00,6.2,0.0,0.0,0.0,43,8.7,0.0
2025-12-19 22:00:00,5.8,0.0,0.0,0.0,8,8.3,0.0
2025-12-19 23:00:00,5.2,0.0,0.0,0.0,0,7.3,0.0
2025-12-20 00:00:00,4.7,0.0,0.0,0.0,0,7.3,0.0
2025-12-20 01:00:00,4.6,0.0,0.0,0.0,46,7.9,0.0
2025-12-20 02:00:00,3.8,0.0,0.0,0.0,100,6.2,0.0
2025-12-20 03:00:00,3.6,0.0,0.0,0.0,99,5.8,0.0
2025-12-20 04:00:00,3.2,0.0,0.0,0.0,100,5.8,0.0
2025-12-20 05:00:00,3.0,0.0,0.0,0.0,100,5.5,0.0
2025-12-20 06:00:00,2.8,0.0,0.0,0.0,100,4.8,0.0
2025-12-20 07:00:00,3.5,0.0,0.0,0.0,100,5.5,0.0
2025-12-20 08:00:00,2.7,0.0,0.0,0.0,100,5.2,0.0
2025-12-20 09:00:00,3.1,0.0,0.0,0.0,100,7.5,0.0
2025-12-20 10:00:00,3.6,0.0,0.0,0.0,100,8.6,0.0
2025-12-20 11:00:00,4.6,0.0,0.0,0.0,100,8.0,0.0
2025-12-20 12:00:00,5.2,0.0,0.0,0.0,100,8.7,0.0
2025-12-20 13:00:00,6.6,0.0,0.0,0.0,100,8.7,0.0
2025-12-20 14:00:00,6.6,0.0,0.0,0.0,100,8.5,0.0
2025-12-20 15:00:00,6.5,0.0,0.0,0.0,100,8.7,0.0
2025-12-20 16:00:00,6.3,0.0,0.0,0.0,100,8.7,0.0
2025-12-20 17:00:00,6.2,0.3,0.3,0.0,100,10.1,0.0
2025-12-20 18:00:00,6.2,0.3,0.3,0.0,100,9.5,0.0
2025-12-20 19:00:00,6.7,0.3,0.3,0.0,100,9.8,0.0
2025-12-20 20:00:00,7.1,0.5,0.5,0.0,100,10.4,0.0
2025-12-20 21:00:00,7.6,0.3,0.3,0.0,100,10.9,0.0
2025-12-20 22:00:00,8.0,0.2,0.2,0.0,100,11.1,0.0
2025-12-20 23:00:00,7.9,0.1,0.1,0.0,100,10.6,0.0
2025-12-21 00:00:00,7.9,0.0,0.0,0.0,100,9.8,0.0
2025-12-21 01:00:00,7.9,0.0,0.0,0.0,100,9.3,0.0
2025-12-21 02:00:00,7.9,0.0,0.0,0.0,100,9.8,0.0
2025-12-21 03:00:00,7.6,0.0,0.0,0.0,94,9.3,0.0
2025-12-21 04:00:00,7.5,0.0,0.0,0.0,88,9.2,0.0
2025-12-21 05:00:00,7.9,0.0,0.0,0.0,97,8.4,0.0
2025-12-21 06:00:00,7.7,0.0,0.0,0.0,100,8.7,0.0
2025-12-21 07:00:00,8.8,0.0,0.0,0.0,100,12.0,0.0
2025-12-21 08:00:00,8.4,0.1,0.1,0.0,100,7.2,0.0
2025-12-21 09:00:00,8.1,0.1,0.1,0.0,100,8.9,0.0
2025-12-21 10:00:00,8.4,0.0,0.0,0.0,91,11.5,0.0
2025-12-21 11:00:00,9.8,0.0,0.0,0.0,84,12.0,3600.0
2025-12-21 12:00:00,11.0,0.0,0.0,0.0,97,13.3,3600.0
2025-12-21 13:00:00,11.6,0.0,0.0,0.0,100,14.5,3600.0
2025-12-21 14:00:00,11.9,0.0,0.0,0.0,100,10.7,755.46
2025-12-21 15:00:00,11.6,0.0,0.0,0.0,100,11.1,0.0
2025-12-21 16:00:00,11.1,0.0,0.0,0.0,95,10.7,0.0
2025-12-21 17:00:00,10.1,0.0,0.0,0.0,100,10.6,0.0
2025-12-21 18:00:00,9.6,0.0,0.0,0.0,99,12.3,0.0
2025-12-21 19:00:00,9.5,0.0,0.0,0.0,100,14.4,0.0
2025-12-21 20:00:00,8.8,0.0,0.0,0.0,100,11.0,0.0
2025-12-21 21:00:00,8.6,0.0,0.0,0.0,100,11.0,0.0
2025-12-21 22:00:00,7.4,0.0,0.0,0.0,100,9.2,0.0
2025-12-21 23:00:00,7.1,0.0,0.0,0.0,99,9.8,0.0
2025-12-22 00:00:00,6.8,0.0,0.0,0.0,100,8.8,0.0
2025-12-22 01:00:00,6.2,0.0,0.0,0.0,100,7.8,0.0
2025-12-22 02:00:00,5.8,0.0,0.0,0.0,99,9.7,0.0
2025-12-22 03:00:00,5.5,0.0,0.0,0.0,99,10.1,0.0
2025-12-22 04:00:00,5.3,0.0,0.0,0.0,99,10.1,0.0
2025-12-22 05:00:00,5.2,0.0,0.0,0.0,82,9.4,0.0
2025-12-22 06:00:00,4.4,0.0,0.0,0.0,93,8.0,0.0
2025-12-22 07:00:00,4.0,0.0,0.0,0.0,100,6.6,0.0
2025-12-22 08:00:00,3.7,0.0,0.0,0.0,100,7.3,0.0
2025-12-22 09:00:00,3.5,0.0,0.0,0.0,100,6.7,0.0
2025-12-22 10:00:00,4.8,0.0,0.0,0.0,96,8.0,150.23
2025-12-22 11:00:00,6.2,0.0,0.0,0.0,99,7.5,3600.0
2025-12-22 12:00:00,8.1,0.0,0.0,0.0,100,5.2,3600.0
2025-12-22 13:00:00,8.5,0.0,0.0,0.0,70,4.6,3600.0
2025-12-22 14:00:00,9.1,0.0,0.0,0.0,95,3.5,3600.0
2025-12-22 15:00:00,9.1,0.0,0.0,0.0,100,6.0,3600.0
2025-12-22 16:00:00,7.8,0.0,0.0,0.0,90,4.6,3600.0
2025-12-22 17:00:00,5.7,0.0,0.0,0.0,45,5.9,0.0
2025-12-22 18:00:00,5.3,0.0,0.0,0.0,7,6.8,0.0
2025-12-22 19:00:00,4.8,0.0,0.0,0.0,55,8.2,0.0
2025-12-22 20:00:00,4.2,0.0,0.0,0.0,86,9.7,0.0
2025-12-22 21:00:00,3.8,0.0,0.0,0.0,88,10.6,0.0
2025-12-22 22:00:00,3.2,0.0,0.0,0.0,87,9.8,0.0
2025-12-22 23:00:00,2.6,0.0,0.0,0.0,79,7.5,0.0
2025-12-23 00:00:00,1.5,0.0,0.0,0.0,81,5.3,0.0
2025-12-23 01:00:00,2.0,0.0,0.0,0.0,95,7.5,0.0
2025-12-23 02:00:00,1.6,0.0,0.0,0.0,91,8.0,0.0
2025-12-23 03:00:00,1.5,0.0,0.0,0.0,98,8.9,0.0
2025-12-23 04:00:00,1.5,0.0,0.0,0.0,99,10.7,0.0
2025-12-23 05:00:00,1.5,0.0,0.0,0.0,100,11.7,0.0
2025-12-23 06:00:00,1.5,0.0,0.0,0.0,83,11.9,0.0
2025-12-23 07:00:00,1.9,0.0,0.0,0.0,84,11.8,0.0
2025-12-23 08:00:00,2.2,0.0,0.0,0.0,96,12.4,0.0
2025-12-23 09:00:00,2.2,0.0,0.0,0.0,91,12.3,0.0
2025-12-23 10:00:00,3.0,0.0,0.0,0.0,63,12.9,1757.73
2025-12-23 11:00:00,4.2,0.0,0.0,0.0,31,14.8,3600.0
2025-12-23 12:00:00,5.1,0.0,0.0,0.0,100,18.4,3600.0
2025-12-23 13:00:00,4.4,0.0,0.0,0.0,100,18.2,3600.0
2025-12-23 14:00:00,4.8,0.0,0.0,0.0,100,18.5,0.0
2025-12-23 15:00:00,5.1,0.0,0.0,0.0,100,18.4,0.0
2025-12-23 16:00:00,5.0,0.0,0.0,0.0,92,13.8,0.0
2025-12-23 17:00:00,4.7,0.0,0.0,0.0,98,14.1,0.0
2025-12-23 18:00:00,4.8,0.0,0.0,0.0,98,14.1,0.0
2025-12-23 19:00:00,4.8,0.0,0.0,0.0,100,12.9,0.0
2025-12-23 20:00:00,4.9,0.0,0.0,0.0,98,15.1,0.0
2025-12-23 21:00:00,4.9,0.0,0.0,0.0,100,15.6,0.0
2025-12-23 22:00:00,4.8,0.0,0.0,0.0,97,16.1,0.0
2025-12-23 23:00:00,4.3,0.0,0.0,0.0,94,15.3,0.0
2025-12-24 00:00:00,4.2,0.0,0.0,0.0,100,16.1,0.0
2025-12-24 01:00:00,4.7,0.0,0.0,0.0,100,17.9,0.0
2025-12-24 02:00:00,4.6,0.0,0.0,0.0,100,18.8,0.0
2025-12-24 03:00:00,4.3,0.0,0.0,0.0,100,18.9,0.0
2025-12-24 04:00:00,4.1,0.0,0.0,0.0,100,19.5,0.0
2025-12-24 05:00:00,3.4,0.0,0.0,0.0,75,19.7,0.0
2025-12-24 06:00:00,2.2,0.0,0.0,0.0,13,19.7,0.0
2025-12-24 07:00:00,0.8,0.0,0.0,0.0,2,17.9,0.0
2025-12-24 08:00:00,0.2,0.0,0.0,0.0,0,19.0,0.0
2025-12-24 09:00:00,-0.2,0.0,0.0,0.0,0,20.4,0.0
2025-12-24 10:00:00,0.3,0.0,0.0,0.0,0,21.2,1735.3
2025-12-24 11:00:00,1.1,0.0,0.0,0.0,0,18.3,3600.0
2025-12-24 12:00:00,1.6,0.0,0.0,0.0,2,21.1,3600.0
2025-12-24 13:00:00,2.3,0.0,0.0,0.0,1,22.3,3600.0
2025-12-24 14:00:00,2.5,0.0,0.0,0.0,3,21.4,3600.0
2025-12-24 15:00:00,2.2,0.0,0.0,0.0,2,22.0,3600.0
2025-12-24 16:00:00,1.8,0.0,0.0,0.0,0,22.4,3600.0
2025-12-24 17:00:00,0.9,0.0,0.0,0.0,1,22.6,44.68
2025-12-24 18:00:00,0.3,0.0,0.0,0.0,1,24.1,0.0
2025-12-24 19:00:00,0.2,0.0,0.0,0.0,0,23.0,0.0
2025-12-24 20:00:00,0.1,0.0,0.0,0.0,0,23.8,0.0
2025-12-24 21:00:00,-0.2,0.0,0.0,0.0,0,23.9,0.0
2025-12-24 22:00:00,-0.6,0.0,0.0,0.0,0,24.3,0.0
2025-12-24 23:00:00,-1.0,0.0,0.0,0.0,0,23.7,0.0
2025-12-25 00:00:00,-1.5,0.0,0.0,0.0,0,24.4,0.0
2025-12-25 01:00:00,-1.5,0.0,0.0,0.0,0,24.8,0.0
2025-12-25 02:00:00,-1.6,0.0,0.0,0.0,0,25.2,0.0
2025-12-25 03:00:00,-1.9,0.0,0.0,0.0,1,24.9,0.0
2025-12-25 04:00:00,-2.0,0.0,0.0,0.0,0,22.9,0.0
2025-12-25 05:00:00,-2.3,0.0,0.0,0.0,0,21.9,0.0
2025-12-25 06:00:00,-2.5,0.0,0.0,0.0,0,21.3,0.0
2025-12-25 07:00:00,-2.8,0.0,0.0,0.0,0,20.4,0.0
2025-12-25 08:00:00,-3.0,0.0,0.0,0.0,0,20.5,0.0
2025-12-25 09:00:00,-3.3,0.0,0.0,0.0,0,20.0,0.0
2025-12-25 10:00:00,-3.0,0.0,0.0,0.0,0,17.8,1716.62
2025-12-25 11:00:00,-2.3,0.0,0.0,0.0,0,18.3,3600.0
2025-12-25 12:00:00,-1.8,0.0,0.0,0.0,0,18.8,3600.0
2025-12-25 13:00:00,-1.4,0.0,0.0,0.0,0,16.1,3600.0
2025-12-25 14:00:00,-1.0,0.0,0.0,0.0,0,15.4,3600.0
2025-12-25 15:00:00,-0.9,0.0,0.0,0.0,0,14.7,3600.0
2025-12-25 16:00:00,-1.4,0.0,0.0,0.0,4,14.5,3600.0
2025-12-25 17:00:00,-1.9,0.0,0.0,0.0,0,14.2,32.66
2025-12-25 18:00:00,-1.9,0.0,0.0,0.0,0,13.8,0.0
2025-12-25 19:00:00,-2.2,0.0,0.0,0.0,0,12.2,0.0
2025-12-25 20:00:00,-2.2,0.0,0.0,0.0,0,12.1,0.0
2025-12-25 21:00:00,-2.3,0.0,0.0,0.0,0,11.6,0.0
2025-12-25 22:00:00,-2.4,0.0,0.0,0.0,0,12.2,0.0
2025-12-25 23:00:00,-2.5,0.0,0.0,0.0,0,11.7,0.0
2025-12-26 00:00:00,-2.6,0.0,0.0,0.0,0,12.1,0.0
2025-12-26 01:00:00,-3.1,0.0,0.0,0.0,0,12.6,0.0
2025-12-26 02:00:00,-3.3,0.0,0.0,0.0,0,13.0,0.0
2025-12-26 03:00:00,-3.3,0.0,0.0,0.0,0,12.3,0.0
2025-12-26 04:00:00,-3.4,0.0,0.0,0.0,0,12.1,0.0
2025-12-26 05:00:00,-3.4,0.0,0.0,0.0,0,12.0,0.0
2025-12-26 06:00:00,-3.5,0.0,0.0,0.0,0,11.4,0.0
2025-12-26 07:00:00,-3.8,0.0,0.0,0.0,0,12.1,0.0
2025-12-26 08:00:00,-4.0,0.0,0.0,0.0,0,12.0,0.0
2025-12-26 09:00:00,-4.1,0.0,0.0,0.0,0,11.6,0.0
2025-12-26 10:00:00,-3.2,0.0,0.0,0.0,0,10.2,1701.75
2025-12-26 11:00:00,-1.8,0.0,0.0,0.0,0,10.8,3600.0
2025-12-26 12:00:00,-0.4,0.0,0.0,0.0,0,10.7,3600.0
2025-12-26 13:00:00,0.3,0.0,0.0,0.0,0,9.8,3600.0
2025-12-26 14:00:00,0.9,0.0,0.0,0.0,0,9.5,3600.0
2025-12-26 15:00:00,1.1,0.0,0.0,0.0,0,8.2,3600.0
2025-12-26 16:00:00,0.1,0.0,0.0,0.0,0,7.5,3600.0
2025-12-26 17:00:00,-1.8,0.0,0.0,0.0,3,7.3,93.47
2025-12-26 18:00:00,-1.6,0.0,0.0,0.0,0,8.7,0.0
2025-12-26 19:00:00,-1.1,0.0,0.0,0.0,48,10.4,0.0
2025-12-26 20:00:00,-1.1,0.0,0.0,0.0,21,10.7,0.0
2025-12-26 21:00:00,-1.2,0.0,0.0,0.0,73,10.0,0.0
2025-12-26 22:00:00,-1.3,0.0,0.0,0.0,2,9.9,0.0
2025-12-26 23:00:00,-1.2,0.0,0.0,0.0,0,10.4,0.0
2025-12-27 00:00:00,-1.3,0.0,0.0,0.0,0,10.9,0.0
2025-12-27 01:00:00,-1.6,0.0,0.0,0.0,0,10.8,0.0
2025-12-27 02:00:00,-1.8,0.0,0.0,0.0,0,10.9,0.0
2025-12-27 03:00:00,-1.8,0.0,0.0,0.0,0,11.7,0.0
2025-12-27 04:00:00,-1.6,0.0,0.0,0.0,0,12.0,0.0
2025-12-27 05:00:00,-1.7,0.0,0.0,0.0,0,11.7,0.0
2025-12-27 06:00:00,-1.8,0.0,0.0,0.0,0,11.7,0.0
2025-12-27 07:00:00,-1.8,0.0,0.0,0.0,0,14.0,0.0
2025-12-27 08:00:00,-2.0,0.0,0.0,0.0,0,13.9,0.0
2025-12-27 09:00:00,-2.0,0.0,0.0,0.0,0,13.9,0.0
2025-12-27 10:00:00,-0.9,0.0,0.0,0.0,0,15.6,1690.78
2025-12-27 11:00:00,0.4,0.0,0.0,0.0,0,14.0,3600.0
2025-12-27 12:00:00,1.5,0.0,0.0,0.0,2,15.9,3600.0
2025-12-27 13:00:00,2.9,0.0,0.0,0.0,1,13.7,3600.0
2025-12-27 14:00:00,3.2,0.0,0.0,0.0,5,14.1,3600.0
2025-12-27 15:00:00,2.8,0.0,0.0,0.0,3,12.8,3600.0
2025-12-27 16:00:00,1.9,0.0,0.0,0.0,23,10.7,3600.0
2025-12-27 17:00:00,0.9,0.0,0.0,0.0,94,12.1,11.49
2025-12-27 18:00:00,1.2,0.0,0.0,0.0,100,15.1,0.0
2025-12-27 19:00:00,2.7,0.0,0.0,0.0,100,15.1,0.0
2025-12-27 20:00:00,3.0,0.0,0.0,0.0,100,13.4,0.0
2025-12-27 21:00:00,3.3,0.0,0.0,0.0,100,13.0,0.0
2025-12-27 22:00:00,3.5,0.0,0.0,0.0,100,12.9,0.0
2025-12-27 23:00:00,3.8,0.0,0.0,0.0,100,12.9,0.0
2025-12-28 00:00:00,4.1,0.0,0.0,0.0,100,10.5,0.0
2025-12-28 01:00:00,3.4,0.0,0.0,0.0,100,8.5,0.0
2025-12-28 02:00:00,3.7,0.0,0.0,0.0,100,9.2,0.0
2025-12-28 03:00:00,4.1,0.0,0.0,0.0,100,10.8,0.0
2025-12-28 04:00:00,4.2,0.0,0.0,0.0,100,12.9,0.0
2025-12-28 05:00:00,4.2,0.0,0.0,0.0,100,13.6,0.0
2025-12-28 06:00:00,4.0,0.0,0.0,0.0,100,10.0,0.0
2025-12-28 07:00:00,3.2,0.0,0.0,0.0,100,5.4,0.0
2025-12-28 08:00:00,3.3,0.0,0.0,0.0,99,6.5,0.0
2025-12-28 09:00:00,3.3,0.0,0.0,0.0,96,7.8,0.0
2025-12-28 10:00:00,3.8,0.0,0.0,0.0,78,9.8,0.0
2025-12-28 11:00:00,4.6,0.0,0.0,0.0,74,8.6,1212.82
2025-12-28 12:00:00,5.6,0.0,0.0,0.0,36,11.3,3600.0
2025-12-28 13:00:00,5.2,0.0,0.0,0.0,51,16.8,3600.0
2025-12-28 14:00:00,5.2,0.0,0.0,0.0,51,14.9,3600.0
2025-12-28 15:00:00,4.7,0.0,0.0,0.0,34,12.6,3600.0
2025-12-28 16:00:00,3.8,0.0,0.0,0.0,5,8.9,3600.0
2025-12-28 17:00:00,1.8,0.0,0.0,0.0,0,8.4,125.21
2025-12-28 18:00:00,1.1,0.0,0.0,0.0,0,9.7,0.0
2025-12-28 19:00:00,1.1,0.0,0.0,0.0,0,10.6,0.0
2025-12-28 20:00:00,0.6,0.0,0.0,0.0,0,9.3,0.0
2025-12-28 21:00:00,-0.2,0.0,0.0,0.0,0,8.5,0.0
2025-12-28 22:00:00,-0.9,0.0,0.0,0.0,1,7.7,0.0
2025-12-28 23:00:00,-1.5,0.0,0.0,0.0,1,7.1,0.0
2025-12-29 00:00:00,-1.9,0.0,0.0,0.0,1,7.3,0.0
2025-12-29 01:00:00,-1.5,0.0,0.0,0.0,2,10.4,0.0
2025-12-29 02:00:00,-1.8,0.0,0.0,0.0,95,11.1,0.0
2025-12-29 03:00:00,-1.8,0.0,0.0,0.0,100,9.7,0.0
2025-12-29 04:00:00,-1.9,0.0,0.0,0.0,100,7.9,0.0
2025-12-29 05:00:00,-2.1,0.0,0.0,0.0,98,7.2,0.0
2025-12-29 06:00:00,-2.2,0.0,0.0,0.0,99,7.1,0.0
2025-12-29 07:00:00,-1.6,0.0,0.0,0.0,100,9.7,0.0
2025-12-29 08:00:00,-1.0,0.0,0.0,0.0,100,9.1,0.0
2025-12-29 09:00:00,-0.8,0.0,0.0,0.0,100,7.8,0.0
2025-12-29 10:00:00,-0.2,0.0,0.0,0.0,100,6.5,0.0
2025-12-29 11:00:00,0.4,0.0,0.0,0.0,100,6.2,0.0
2025-12-29 12:00:00,1.6,0.0,0.0,0.0,100,7.1,0.0
2025-12-29 13:00:00,2.6,0.0,0.0,0.0,100,7.1,302.42
2025-12-29 14:00:00,3.5,0.0,0.0,0.0,100,8.3,584.98
2025-12-29 15:00:00,3.8,0.0,0.0,0.0,100,8.2,0.0
2025-12-29 16:00:00,3.4,0.0,0.0,0.0,100,3.6,171.02
2025-12-29 17:00:00,2.8,0.0,0.0,0.0,100,4.8,0.0
2025-12-29 18:00:00,2.5,0.0,0.0,0.0,100,3.7,0.0
2025-12-29 19:00:00,2.7,0.0,0.0,0.0,100,4.3,0.0
2025-12-29 20:00:00,2.8,0.0,0.0,0.0,99,3.9,0.0
2025-12-29 21:00:00,3.0,0.0,0.0,0.0,98,4.9,0.0
2025-12-29 22:00:00,3.4,0.0,0.0,0.0,100,5.4,0.0
2025-12-29 23:00:00,4.2,0.0,0.0,0.0,100,8.1,0.0
2025-12-30 00:00:00,4.9,0.0,0.0,0.0,100,10.8,0.0
2025-12-30 01:00:00,4.5,0.0,0.0,0.0,100,10.2,0.0
2025-12-30 02:00:00,4.0,0.0,0.0,0.0,100,10.0,0.0
2025-12-30 03:00:00,3.8,0.0,0.0,0.0,99,9.2,0.0
2025-12-30 04:00:00,3.6,0.0,0.0,0.0,100,8.4,0.0
2025-12-30 05:00:00,3.2,0.0,0.0,0.0,98,9.0,0.0
2025-12-30 06:00:00,3.3,0.0,0.0,0.0,85,10.6,0.0
2025-12-30 07:00:00,2.2,0.0,0.0,0.0,100,8.6,0.0
2025-12-30 08:00:00,2.2,0.0,0.0,0.0,87,8.0,0.0
2025-12-30 09:00:00,1.8,0.0,0.0,0.0,73,7.0,0.0
2025-12-30 10:00:00,2.5,0.0,0.0,0.0,89,8.9,0.0
2025-12-30 11:00:00,3.5,0.0,0.0,0.0,48,7.0,1204.0
2025-12-30 12:00:00,4.5,0.0,0.0,0.0,73,7.0,3600.0
2025-12-30 13:00:00,5.3,0.0,0.0,0.0,98,9.1,3600.0
2025-12-30 14:00:00,5.8,0.0,0.0,0.0,80,9.6,3600.0
2025-12-30 15:00:00,5.5,0.0,0.0,0.0,34,8.8,3246.44
2025-12-30 16:00:00,4.6,0.0,0.0,0.0,63,6.3,3600.0
2025-12-30 17:00:00,3.2,0.0,0.0,0.0,38,6.0,0.0
2025-12-30 18:00:00,2.6,0.0,0.0,0.0,24,7.1,0.0
2025-12-30 19:00:00,2.2,0.0,0.0,0.0,30,8.1,0.0
2025-12-30 20:00:00,1.1,0.0,0.0,0.0,57,6.9,0.0
2025-12-30 21:00:00,1.9,0.0,0.0,0.0,81,5.1,0.0
2025-12-30 22:00:00,2.0,0.0,0.0,0.0,100,4.7,0.0
2025-12-30 23:00:00,1.8,0.0,0.0,0.0,90,4.3,0.0
2025-12-31 00:00:00,0.6,0.0,0.0,0.0,29,5.6,0.0
2025-12-31 01:00:00,0.2,0.0,0.0,0.0,20,5.1,0.0
2025-12-31 02:00:00,-0.9,0.0,0.0,0.0,19,5.0,0.0
2025-12-31 03:00:00,-1.6,0.0,0.0,0.0,33,6.7,0.0
2025-12-31 04:00:00,-1.2,0.0,0.0,0.0,34,5.3,0.0
2025-12-31 05:00:00,-1.5,0.0,0.0,0.0,98,5.9,0.0
2025-12-31 06:00:00,0.0,0.0,0.0,0.0,100,7.0,0.0
2025-12-31 07:00:00,1.2,0.0,0.0,0.0,100,6.3,0.0
2025-12-31 08:00:00,1.3,0.0,0.0,0.0,100,5.8,0.0
2025-12-31 09:00:00,1.5,0.0,0.0,0.0,100,7.1,0.0
2025-12-31 10:00:00,2.0,0.0,0.0,0.0,100,8.1,0.0
2025-12-31 11:00:00,2.9,0.0,0.0,0.0,100,8.6,0.0
2025-12-31 12:00:00,3.5,0.0,0.0,0.0,100,8.4,0.0
2025-12-31 13:00:00,4.3,0.0,0.0,0.0,98,7.4,0.0
2025-12-31 14:00:00,4.9,0.0,0.0,0.0,55,9.7,0.0
2025-12-31 15:00:00,4.9,0.0,0.0,0.0,90,10.2,1990.32
2025-12-31 16:00:00,4.1,0.0,0.0,0.0,99,9.1,3319.27
2025-12-31 17:00:00,3.0,0.0,0.0,0.0,82,8.8,0.0
2025-12-31 18:00:00,2.0,0.0,0.0,0.0,95,9.6,0.0
2025-12-31 19:00:00,2.2,0.0,0.0,0.0,27,11.4,0.0
2025-12-31 20:00:00,1.5,0.0,0.0,0.0,0,11.8,0.0
2025-12-31 21:00:00,0.9,0.0,0.0,0.0,0,11.8,0.0
2025-12-31 22:00:00,0.4,0.0,0.0,0.0,1,11.8,0.0
2025-12-31 23:00:00,0.2,0.0,0.0,0.0,8,13.0,0.0
2026-01-01 00:00:00,0.2,0.0,0.0,0.0,27,13.7,0.0
2026-01-01 01:00:00,0.6,0.0,0.0,0.0,1,13.1,0.0
2026-01-01 02:00:00,0.3,0.0,0.0,0.0,0,12.7,0.0
2026-01-01 03:00:00,0.2,0.0,0.0,0.0,77,12.6,0.0
2026-01-01 04:00:00,0.8,0.0,0.0,0.0,59,14.3,0.0
2026-01-01 05:00:00,1.6,0.0,0.0,0.0,4,17.5,0.0
2026-01-01 06:00:00,1.8,0.0,0.0,0.0,64,18.4,0.0
2026-01-01 07:00:00,2.0,0.0,0.0,0.0,98,18.3,0.0
2026-01-01 08:00:00,2.3,0.0,0.0,0.0,99,20.2,0.0
2026-01-01 09:00:00,2.6,0.0,0.0,0.0,49,21.3,0.0
2026-01-01 10:00:00,3.2,0.0,0.0,0.0,100,21.2,1578.86
2026-01-01 11:00:00,4.3,0.0,0.0,0.0,100,21.7,2590.98
2026-01-01 12:00:00,4.9,0.0,0.0,0.0,100,22.4,812.99
2026-01-01 13:00:00,5.0,0.0,0.0,0.0,100,18.9,2792.46
2026-01-01 14:00:00,5.4,0.0,0.0,0.0,100,19.8,0.0
2026-01-01 15:00:00,5.1,0.0,0.0,0.0,100,20.2,0.0
2026-01-01 16:00:00,5.1,0.0,0.0,0.0,100,19.8,0.0
2026-01-01 17:00:00,4.5,0.0,0.0,0.0,100,18.1,0.0
2026-01-01 18:00:00,4.4,0.0,0.0,0.0,100,19.2,0.0
2026-01-01 19:00:00,4.4,0.0,0.0,0.0,100,20.9,0.0
2026-01-01 20:00:00,4.4,0.0,0.0,0.0,97,20.2,0.0
2026-01-01 21:00:00,4.1,0.2,0.2,0.0,68,19.6,0.0
2026-01-01 22:00:00,3.8,0.0,0.0,0.0,61,19.9,0.0
2026-01-01 23:00:00,3.8,0.0,0.0,0.0,91,21.4,0.0
2026-01-02 00:00:00,3.4,0.1,0.1,0.0,98,21.9,0.0
2026-01-02 01:00:00,3.1,0.1,0.1,0.0,100,19.5,0.0
2026-01-02 02:00:00,3.2,0.1,0.1,0.0,100,20.4,0.0
2026-01-02 03:00:00,3.3,0.0,0.0,0.0,38,18.7,0.0
2026-01-02 04:00:00,2.5,0.0,0.0,0.0,42,15.1,0.0
2026-01-02 05:00:00,2.0,0.3,0.1,0.14,45,15.5,0.0
2026-01-02 06:00:00,2.0,0.0,0.0,0.0,99,16.1,0.0
2026-01-02 07:00:00,2.0,0.0,0.0,0.0,100,16.1,0.0
2026-01-02 08:00:00,2.5,0.3,0.3,0.0,100,17.3,0.0
2026-01-02 09:00:00,2.0,0.2,0.2,0.0,100,15.9,0.0
2026-01-02 10:00:00,2.1,0.2,0.1,0.07,77,15.7,0.0
2026-01-02 11:00:00,2.5,0.5,0.1,0.28,23,17.6,3600.0
2026-01-02 12:00:00,3.2,0.0,0.0,0.0,18,15.1,3600.0
2026-01-02 13:00:00,3.2,0.0,0.0,0.0,13,21.5,3600.0
2026-01-02 14:00:00,3.2,0.0,0.0,0.0,40,21.6,3600.0
2026-01-02 15:00:00,3.0,0.0,0.0,0.0,36,21.7,3600.0
2026-01-02 16:00:00,2.5,0.0,0.0,0.0,18,16.0,3600.0
2026-01-02 17:00:00,1.5,0.0,0.0,0.0,30,14.7,333.07
2026-01-02 18:00:00,1.2,0.0,0.0,0.0,25,15.0,0.0
2026-01-02 19:00:00,0.8,0.0,0.0,0.0,60,12.5,0.0
2026-01-02 20:00:00,0.9,0.0,0.0,0.0,69,12.1,0.0
2026-01-02 21:00:00,0.9,0.0,0.0,0.0,41,10.9,0.0
2026-01-02 22:00:00,0.2,0.0,0.0,0.0,68,8.9,0.0
2026-01-02 23:00:00,0.2,0.0,0.0,0.0,73,10.4,0.0
2026-01-03 00:00:00,-0.1,0.0,0.0,0.0,34,12.2,0.0
2026-01-03 01:00:00,1.1,0.0,0.0,0.0,98,13.9,0.0
2026-01-03 02:00:00,0.6,0.0,0.0,0.0,94,17.8,0.0
2026-01-03 03:00:00,0.3,0.0,0.0,0.0,9,15.1,0.0
2026-01-03 04:00:00,-0.9,0.0,0.0,0.0,8,12.6,0.0
2026-01-03 05:00:00,-1.2,0.0,0.0,0.0,88,12.4,0.0
2026-01-03 06:00:00,0.0,0.0,0.0,0.0,71,14.3,0.0
2026-01-03 07:00:00,-0.2,0.3,0.0,0.21,99,15.5,0.0
2026-01-03 08:00:00,0.2,0.3,0.0,0.21,94,16.2,0.0
2026-01-03 09:00:00,0.8,0.9,0.0,0.63,68,16.8,0.0
2026-01-03 10:00:00,0.9,0.0,0.0,0.0,18,18.0,1158.46
2026-01-03 11:00:00,1.3,0.0,0.0,0.0,24,17.8,3600.0
2026-01-03 12:00:00,1.9,0.0,0.0,0.0,95,23.4,3600.0
2026-01-03 13:00:00,1.9,0.0,0.0,0.0,100,24.2,3287.06
2026-01-03 14:00:00,2.2,0.0,0.0,0.0,100,20.0,0.0
2026-01-03 15:00:00,1.9,0.1,0.0,0.07,32,18.4,0.0
2026-01-03 16:00:00,1.5,0.3,0.0,0.21,97,17.1,3600.0
2026-01-03 17:00:00,0.8,2.8,0.0,1.96,84,11.6,0.0
2026-01-03 18:00:00,0.5,0.0,0.0,0.0,95,13.8,0.0
2026-01-03 19:00:00,0.9,0.1,0.0,0.07,30,12.7,0.0
2026-01-03 20:00:00,0.4,0.0,0.0,0.0,24,13.7,0.0
2026-01-03 21:00:00,0.1,0.0,0.0,0.0,23,13.3,0.0
2026-01-03 22:00:00,0.0,0.0,0.0,0.0,16,12.4,0.0
2026-01-03 23:00:00,-0.6,0.0,0.0,0.0,56,11.8,0.0
2026-01-04 00:00:00,-0.1,0.0,0.0,0.0,34,12.3,0.0
2026-01-04 01:00:00,-0.2,0.0,0.0,0.0,28,12.5,0.0
2026-01-04 02:00:00,-0.6,0.0,0.0,0.0,46,12.6,0.0
2026-01-04 03:00:00,-0.5,0.0,0.0,0.0,45,13.5,0.0
2026-01-04 04:00:00,-0.8,0.0,0.0,0.0,58,14.5,0.0
2026-01-04 05:00:00,-0.8,0.0,0.0,0.0,30,15.6,0.0
2026-01-04 06:00:00,-1.4,0.0,0.0,0.0,5,14.6,0.0
2026-01-04 07:00:00,-1.6,0.0,0.0,0.0,66,15.2,0.0
2026-01-04 08:00:00,-1.7,0.0,0.0,0.0,30,14.4,0.0
2026-01-04 09:00:00,-2.0,0.0,0.0,0.0,8,14.1,0.0
2026-01-04 10:00:00,-1.2,0.0,0.0,0.0,5,14.5,1749.66
2026-01-04 11:00:00,0.2,0.0,0.0,0.0,9,17.3,3600.0
2026-01-04 12:00:00,1.1,0.0,0.0,0.0,16,14.5,3600.0
2026-01-04 13:00:00,2.2,0.0,0.0,0.0,59,17.4,3600.0
2026-01-04 14:00:00,2.5,0.0,0.0,0.0,39,17.8,3600.0
2026-01-04 15:00:00,2.2,0.0,0.0,0.0,29,14.0,3600.0
2026-01-04 16:00:00,1.2,0.0,0.0,0.0,16,10.8,3600.0
2026-01-04 17:00:00,-0.7,0.0,0.0,0.0,6,9.1,541.44
2026-01-04 18:00:00,-1.2,0.0,0.0,0.0,0,10.5,0.0
2026-01-04 19:00:00,-1.5,0.0,0.0,0.0,16,9.9,0.0
2026-01-04 20:00:00,-1.9,0.0,0.0,0.0,1,10.3,0.0
2026-01-04 21:00:00,-2.0,0.0,0.0,0.0,7,11.1,0.0
2026-01-04 22:00:00,-2.2,0.0,0.0,0.0,9,10.4,0.0
2026-01-04 23:00:00,-2.2,0.0,0.0,0.0,5,9.7,0.0
2026-01-05 00:00:00,-2.3,0.0,0.0,0.0,17,9.6,0.0
2026-01-05 01:00:00,-2.5,0.0,0.0,0.0,13,9.0,0.0
2026-01-05 02:00:00,-3.0,0.0,0.0,0.0,5,8.2,0.0
2026-01-05 03:00:00,-2.9,0.0,0.0,0.0,15,10.6,0.0
2026-01-05 04:00:00,-2.8,0.0,0.0,0.0,13,11.5,0.0
2026-01-05 05:00:00,-2.7,0.0,0.0,0.0,24,11.8,0.0
2026-01-05 06:00:00,-2.7,0.0,0.0,0.0,87,11.8,0.0
2026-01-05 07:00:00,-2.1,0.0,0.0,0.0,73,12.0,0.0
2026-01-05 08:00:00,-1.9,0.0,0.0,0.0,37,11.2,0.0
2026-01-05 09:00:00,-2.2,0.0,0.0,0.0,45,11.4,0.0
2026-01-05 10:00:00,-1.2,0.0,0.0,0.0,67,13.4,1774.98
2026-01-05 11:00:00,0.2,0.0,0.0,0.0,100,14.0,3357.66
2026-01-05 12:00:00,0.9,0.2,0.0,0.14,98,12.5,0.0
2026-01-05 13:00:00,0.6,0.3,0.0,0.21,98,10.7,0.0
2026-01-05 14:00:00,1.5,0.0,0.0,0.0,79,12.8,594.26
2026-01-05 15:00:00,1.7,0.0,0.0,0.0,93,10.9,3600.0
2026-01-05 16:00:00,1.0,0.0,0.0,0.0,88,9.0,3600.0
2026-01-05 17:00:00,-0.5,0.0,0.0,0.0,74,10.2,66.7
2026-01-05 18:00:00,-0.9,0.0,0.0,0.0,100,12.1,0.0
2026-01-05 19:00:00,0.1,0.0,0.0,0.0,75,13.1,0.0
2026-01-05 20:00:00,-0.3,0.0,0.0,0.0,86,12.3,0.0
2026-01-05 21:00:00,-0.6,0.0,0.0,0.0,77,11.1,0.0
2026-01-05 22:00:00,-0.5,0.1,0.0,0.07,91,8.2,0.0
2026-01-05 23:00:00,-0.8,0.0,0.0,0.0,84,11.1,0.0
2026-01-06 00:00:00,-0.4,0.0,0.0,0.0,59,11.0,0.0
2026-01-06 01:00:00,-0.9,0.0,0.0,0.0,47,8.7,0.0
2026-01-06 02:00:00,-1.5,0.0,0.0,0.0,10,6.8,0.0
2026-01-06 03:00:00,-1.8,0.0,0.0,0.0,57,7.0,0.0
2026-01-06 04:00:00,-1.2,0.0,0.0,0.0,77,7.8,0.0
2026-01-06 05:00:00,-0.6,0.0,0.0,0.0,69,8.4,0.0
2026-01-06 06:00:00,-0.8,0.1,0.0,0.07,66,8.1,0.0
2026-01-06 07:00:00,-1.0,0.0,0.0,0.0,13,7.4,0.0
2026-01-06 08:00:00,-1.6,0.0,0.0,0.0,2,7.6,0.0
2026-01-06 09:00:00,-1.8,0.0,0.0,0.0,1,8.9,0.0
2026-01-06 10:00:00,-0.8,0.0,0.0,0.0,2,10.5,1803.95
2026-01-06 11:00:00,0.5,0.0,0.0,0.0,0,9.9,3600.0
2026-01-06 12:00:00,1.5,0.0,0.0,0.0,0,9.6,3600.0
2026-01-06 13:00:00,1.9,0.0,0.0,0.0,12,10.8,3600.0
2026-01-06 14:00:00,2.0,0.0,0.0,0.0,6,10.2,3600.0
2026-01-06 15:00:00,2.0,0.0,0.0,0.0,0,10.9,3600.0
2026-01-06 16:00:00,0.9,0.0,0.0,0.0,0,7.6,3600.0
2026-01-06 17:00:00,-1.8,0.0,0.0,0.0,2,7.0,971.79
2026-01-06 18:00:00,-1.5,0.0,0.0,0.0,10,8.8,0.0
2026-01-06 19:00:00,-1.6,0.0,0.0,0.0,83,9.9,0.0
2026-01-06 20:00:00,-1.4,0.0,0.0,0.0,99,11.7,0.0
2026-01-06 21:00:00,-0.5,0.0,0.0,0.0,100,13.3,0.0
2026-01-06 22:00:00,0.0,0.0,0.0,0.0,100,15.6,0.0
2026-01-06 23:00:00,0.1,0.0,0.0,0.0,100,16.2,0.0
